id,product_url,product_name,price,currency,image_url,location,sold,shop_type,list_type,sourcing_status,sourcing_notes,status_updated_at,created_at,updated_at
1,https://shopee.sg/Retractable-Dog-Leash-3m-5m-Nylon-Extending-Lead-with-Anti-Slip-Handle-for-Small-Medium-Dogs-Cats-Pause-Lock-Function-2025-i.1006220784.24274410581,"Retractable Dog Leash 3m/5m - Nylon Extending Lead with Anti-Slip Handle, for Small/Medium Dogs & Cats, Pause/Lock Function 2025",,,https://down-sg.img.susercontent.com/file/mckh11t4vrae42_tn.webp,,26,Standard,検索/カテゴリー,,,,2025-09-12 11:03:37.792841,2025-09-12 12:23:24.787079
2,https://shopee.sg/Large-Double-Layer-Waterproof-Cat-Litter-Mat-Easy-to-Clean-Litter-Catcher-i.1299445769.29720798118,Large Double Layer Waterproof Cat Litter Mat | Easy to Clean Litter Catcher,,,https://down-sg.img.susercontent.com/file/mawipb30sb92bd_tn.webp,,43,Standard,検索/カテゴリー,,,,2025-09-12 11:03:37.795124,2025-09-12 12:23:24.787965
3,https://shopee.sg/NexGard-Spectra-Chewable-Tablets-for-Dogs-3-Tablets-Box-All-Breed-Sizes-Flea-Ticks-Heartworm-Defense-Beef-Flavor-i.268028767.24177875128,NexGard Spectra Chewable Tablets for Dogs 3 Tablets/Box All Breed Sizes Flea Ticks Heartworm Defense Beef Flavor,,,https://down-sg.img.susercontent.com/file/lut958t6us3e1f_tn.webp,,28,Standard,検索/カテゴリー,,,,2025-09-12 11:03:37.795979,2025-09-12 12:23:24.788645
4,https://shopee.sg/Pet-static-hair-removal-gloves-Double-Sided-Dematting-Comb-for-Dogs-Cats-cat-fur-remover-brush-for-dog-2025-i.1006220784.24470340959,"Pet static hair removal gloves - Double Sided Dematting Comb for Dogs & Cats, cat fur remover, brush for dog 2025",,,https://down-sg.img.susercontent.com/file/mck3kws074jb55_tn.webp,,46,Standard,検索/カテゴリー,,,,2025-09-12 11:03:37.796817,2025-09-12 12:23:24.789313
5,https://shopee.sg/Double-Sided-Pet-Deshedding-Brush-pet-static-hair-removal-gloves-Knot-Remover-Hair-Comb-for-Dogs-Cats-Cat-brush-fur-remover-2025-i.1006220784.29804621527,"Double-Sided Pet Deshedding Brush -pet static hair removal gloves, Knot Remover & Hair Comb for Dogs & Cats, Cat brush fur remover 2025",,,https://down-sg.img.susercontent.com/file/mckh8uk21hvbfe_tn.webp,,33,Standard,検索/カテゴリー,,,,2025-09-12 11:03:37.797774,2025-09-12 12:23:24.790315
6,https://shopee.sg/CatFun-2025-Cat-Toy-Fish-Self-Playing-Catnip-Plush-Toy-Interactive-Kitten-Puppy-Chew-Toy-for-Cats%E2%80%8B-i.1006220784.24270950266,CatFun 2025 Cat Toy Fish Self-Playing Catnip Plush Toy Interactive Kitten  Puppy Chew Toy for Cats​,,,https://down-sg.img.susercontent.com/file/mdom0ma2qot524_tn.webp,,46,Standard,検索/カテゴリー,,,,2025-09-12 11:03:37.798813,2025-09-12 12:23:24.791366
7,https://shopee.sg/Ciao-Churu-Cat-Treats-50-Sticks-with-Real-Ingredients-i.268028767.21650199365,Ciao Churu Cat Treats - 50 Sticks with Real Ingredients,,,https://down-sg.img.susercontent.com/file/mal4ksjvnceo29_tn.webp,,42,Standard,検索/カテゴリー,,,,2025-09-12 11:03:37.799904,2025-09-12 12:23:24.792545
8,https://shopee.sg/Electric-dog-paw-fur-trimmer-pet-grooming-kit-cordless-ear-small-cats-dogs-Clippers-trimmer-puppy-rechargeable-i.1006220784.26155988062,Electric dog paw fur trimmer pet grooming kit cordless ear small cats dogs Clippers trimmer puppy rechargeable,,,https://down-sg.img.susercontent.com/file/mckae4u1d7zr25_tn.webp,,33,Standard,検索/カテゴリー,,,,2025-09-12 11:03:37.800667,2025-09-12 12:23:24.793600
9,https://shopee.sg/Wooden-Celestial-Cat-Toy-Teething-Stick-for-Cat-Molar-Natural-Wood-Chew-Toy-Interactive-Dental-Care-for-Kittens-Cats-2025-i.1006220784.24902557436,"Wooden Celestial Cat Toy - Teething Stick for Cat Molar, Natural Wood Chew Toy, Interactive Dental Care for Kittens & Cats 2025",,,https://down-sg.img.susercontent.com/file/megk4lpmuo7639_tn.webp,,96,Standard,検索/カテゴリー,,,,2025-09-12 11:03:37.801363,2025-09-12 12:23:24.794868
10,https://shopee.sg/Biodegradable-Eco-Friendly-Thick-Dog-Poop-Bag-(8-10-24-36-Rolls)-i.31510663.15923677503,"Biodegradable Eco-Friendly Thick Dog Poop Bag (8, 10, 24, 36 Rolls)",,,https://down-sg.img.susercontent.com/file/m1p9hs8lge5a12_tn.webp,,8,Standard,検索/カテゴリー,,,,2025-09-12 11:03:37.802076,2025-09-12 12:23:24.797750
11,https://shopee.sg/-SG-Seller-NDD-Biodegradable-Poop-Bag-For-Dogs-Or-Cats-Extra-Thick-And-Strong-i.12480907.10403233075,[SG Seller NDD] Biodegradable Poop Bag For Dogs Or Cats Extra Thick And Strong,,,https://down-sg.img.susercontent.com/file/md1fyq9dw9x8e9_tn.webp,,7908,Standard,検索/カテゴリー,,,,2025-09-12 11:03:37.802872,2025-09-12 12:23:24.799273
12,https://shopee.sg/-4-FOR-20-Tofu-Cat-Cleaning-Clump-Litter-(6L)-i.508848032.18956792746,[4 FOR $20] Tofu Cat Cleaning Clump Litter (6L),,,https://down-sg.img.susercontent.com/file/lcxbplsn19iv3a_tn.webp,,51,Standard,検索/カテゴリー,,,,2025-09-12 11:03:37.803578,2025-09-12 12:23:24.800384
13,https://shopee.sg/ABSOLUTE-Holistic-Dental-Chew-Premium-Oral-Care-for-Pets-Natural-Dog-Teeth-Cleaning-160G-i.268028767.19684671912,"ABSOLUTE Holistic Dental Chew - Premium Oral Care for Pets, Natural Dog Teeth Cleaning, 160G",,,https://down-sg.img.susercontent.com/file/mcgepyd0621y5b_tn.webp,,68,Standard,検索/カテゴリー,,,,2025-09-12 11:03:37.804315,2025-09-12 12:23:24.801802
14,https://shopee.sg/-PREORDER-FREEBIE-Bow-Wow-Jerky-Stick-Dog-Puppy-Soft-Chew-Treats-i.507794.2491203,[PREORDER/FREEBIE] Bow Wow Jerky Stick Dog Puppy Soft Chew Treats,,,https://down-sg.img.susercontent.com/file/1a05eb4eb447c03a4a4715b644828d99_tn.webp,,2506,Standard,検索/カテゴリー,,,,2025-09-12 11:03:37.805380,2025-09-12 12:23:24.803228
15,https://shopee.sg/Strong-suction-cup-cat-teaser-with-bell-long-rod-detachable-cat-self-entertainment-toy-i.1006220784.24780416907,Strong suction cup cat teaser with bell long rod detachable cat self-entertainment toy,,,https://down-sg.img.susercontent.com/file/mck54xel3xhw13_tn.webp,,26,Standard,検索/カテゴリー,,,,2025-09-12 11:03:37.806560,2025-09-12 12:23:24.804284
16,https://shopee.sg/%F0%9F%94%A5SG-STOCK%F0%9F%94%A5Fur-Grooming-Thick-Thin-Needle-Comb-Brush-Pet-Brush-Comb-Self-Cleaning-Dog-Brush-Cat-Brush-Grooming-Brush-i.434162407.4994773624,🔥SG STOCK🔥Fur Grooming Thick Thin Needle Comb Brush Pet Brush Comb Self Cleaning Dog Brush Cat Brush Grooming Brush,,,https://down-sg.img.susercontent.com/file/9a2561b3f5bf743b699364d5f7d587ed_tn.webp,,49,Standard,検索/カテゴリー,,,,2025-09-12 11:03:37.807636,2025-09-12 12:23:24.805307
17,https://shopee.sg/Dog-Toothbrush-360%C2%BA-Finger-Tooth-Brush-Kit-Ergonomic-Design-Full-Surround-Bristles-for-Easy-Teeth-Cleaning-Dental-Care-for-Puppies-Cats-and-Small-Pets-4-Pack-Multi-Colored-i.1006220784.24333133909,"Dog Toothbrush - 360º Finger Tooth Brush Kit Ergonomic Design, Full Surround Bristles for Easy Teeth Cleaning, Dental Care for Puppies, Cats and Small Pets, 4-Pack Multi-Colored",,,https://down-sg.img.susercontent.com/file/mckhf79je8u447_tn.webp,,30,Standard,検索/カテゴリー,,,,2025-09-12 11:03:37.808752,2025-09-12 12:23:24.806677
18,https://shopee.sg/Stronghold-for-Cats-(also-known-as-Revolution)-2.6-7.5-kg-(5.1-15-lbs)-i.393832635.21376701595,Stronghold for Cats (also known as Revolution) 2.6-7.5 kg (5.1-15 lbs),,,https://down-sg.img.susercontent.com/file/ltfyafs91xov16_tn.webp,,2,Standard,検索/カテゴリー,,,,2025-09-12 11:03:37.809614,2025-09-12 12:23:24.807939
19,https://shopee.sg/Petcare-Pee-Pad-Charcoal-Absorbent-Pet-Diaper-Training-Pads-i.96953349.1619974845,Petcare Pee Pad Charcoal Absorbent Pet Diaper Training Pads,,,https://down-sg.img.susercontent.com/file/m08c4x7jyfom07_tn.webp,,18,Standard,検索/カテゴリー,,,,2025-09-12 11:03:37.810369,2025-09-12 12:23:24.809181
20,https://shopee.sg/Absolute-Bites-Cat-Dog-Treats-Air-Dried-Freeze-Dried-Duck-Chicken-i.291402948.19849309500,Absolute Bites Cat & Dog Treats | Air Dried | Freeze Dried | Duck | Chicken,,,https://down-sg.img.susercontent.com/file/lvzh2iw0w4zw57_tn.webp,,23808,Standard,検索/カテゴリー,,,,2025-09-12 11:03:37.811165,2025-09-12 12:23:24.810608
21,https://shopee.sg/Jerhigh-Dog-Treats-Sticks-Mix-50g-70g-Healthy-Energy-Boost-i.1049876479.19082742187,Jerhigh Dog Treats & Sticks Mix 50g/70g - Healthy Energy Boost,,,https://down-sg.img.susercontent.com/file/map1vumf40ggaf_tn.webp,,65,Standard,検索/カテゴリー,,,,2025-09-12 11:03:37.811905,2025-09-12 12:23:24.812526
22,https://shopee.sg/-Bundle-of-24-Aatas-Cat-Tantalizing-Tuna-Creamy-Chicken-Nutrient-Rich-Wet-Food-Can-80g-i.268028767.24127138788,[Bundle of 24] Aatas Cat Tantalizing Tuna Creamy Chicken Nutrient-Rich Wet Food Can 80g,,,https://down-sg.img.susercontent.com/file/luur7g25qgeqe0_tn.webp,,7,Standard,検索/カテゴリー,,,,2025-09-12 11:03:37.812662,2025-09-12 12:23:24.814925
23,https://shopee.sg/Pet-Dematting-Comb-Stainless-Steel-Pet-Grooming-Comb-for-Dogs-and-Cats-Gently-Removes-Loose-Undercoat-Flea-Comb-Pretty-Better-i.1006220784.28804204402,Pet Dematting Comb Stainless Steel Pet Grooming Comb for Dogs and Cats Gently Removes Loose Undercoat Flea Comb Pretty&Better,,,https://down-sg.img.susercontent.com/file/mckhe9jwq8b78e_tn.webp,,61,Standard,検索/カテゴリー,,,,2025-09-12 11:03:37.813616,2025-09-12 12:23:24.816053
24,https://shopee.sg/SG-Pet-Deodorant-Spray-Pet-Anti-Bacteria-Odour-Remover-Spray-Pet-Aroma-Deodorizing-Spray-Harmless-to-Lick-i.13842071.24459538654,SG Pet Deodorant Spray/ Pet Anti Bacteria Odour Remover Spray/ Pet Aroma Deodorizing Spray/ Harmless to Lick,,,https://down-sg.img.susercontent.com/file/lqpnz9nhsgmef5_tn.webp,,65,Standard,検索/カテゴリー,,,,2025-09-12 11:03:37.814575,2025-09-12 12:23:24.817167
25,https://shopee.sg/-MIX-MATCH-Underdog-Cooked-Frozen-Dog-Food-8-x-150g-Pawpy-Kisses-i.175405163.12829027184,[MIX & MATCH] Underdog Cooked Frozen Dog Food 8 x 150g | Pawpy Kisses,,,https://down-sg.img.susercontent.com/file/6567b2058a4c19fc775d0ca4c7f57fd5_tn.webp,,3,Standard,検索/カテゴリー,,,,2025-09-12 11:03:37.815600,2025-09-12 12:23:24.818745
26,https://shopee.sg/%F0%9F%94%A5SG-Stock%F0%9F%94%A5Petsthoughts-Absorbent-Pet-Training-Pads-Disposable-Pee-Pad-Diaper-for-Dogs-Cats-animal-Fast-Delivery-i.1273916001.26701920355,"🔥SG Stock🔥Petsthoughts Absorbent Pet Training Pads Disposable Pee Pad Diaper for Dogs Cats,animal Fast Delivery",,,https://down-sg.img.susercontent.com/file/m0ztlyo13oxg4a_tn.webp,,78,Standard,検索/カテゴリー,,,,2025-09-12 11:03:37.816429,2025-09-12 12:23:24.820108
27,https://shopee.sg/Cat-Mat-Double-Layer-Cat-Litter-Mat-Trapping-Mat-Waterproof-Washable-Carpet-Kucing-i.784470585.23252466936,Cat Mat Double Layer Cat Litter Mat Trapping Mat Waterproof Washable Carpet Kucing,,,https://down-sg.img.susercontent.com/file/m227jy7w4yiga0_tn.webp,,49,Standard,検索/カテゴリー,,,,2025-09-12 11:03:37.817197,2025-09-12 12:23:24.821050
28,https://shopee.sg/Cat-Scratcher-Self-Adhesive-Cat-Scratching-Pad-Anti-Cat-Grabbing-Sofa-Furniture-DIY-Protection-Sticker-Replace-Cat-Tree-Rope-Sofa-Repair-Sticker-Cat-Climbing-Pad-i.1262090414.28419932384,Cat Scratcher Self Adhesive Cat Scratching Pad Anti -Cat Grabbing Sofa Furniture DIY Protection Sticker Replace Cat Tree Rope Sofa Repair Sticker Cat Climbing Pad,,,https://down-sg.img.susercontent.com/file/m9hbw13e4knm9e_tn.webp,,72,Standard,検索/カテゴリー,,,,2025-09-12 11:03:37.818066,2025-09-12 12:23:24.821997
29,https://shopee.sg/mixshop-Dog-Poop-Bag-Pet-Poop-Bag-Small-Garbage-Rubbish-bag-samll-plastic-bag-SG-READY-STOCK--i.286076538.19783765313,"mixshop Dog Poop Bag/Pet Poop Bag/Small Garbage Rubbish bag, samll plastic bag [SG READY STOCK]",,,https://down-sg.img.susercontent.com/file/ll8noc7yk7p737_tn.webp,,58,Standard,検索/カテゴリー,,,,2025-09-12 11:03:37.819844,2025-09-12 12:23:24.823729
30,https://shopee.sg/SG-Shipment-Pet-bowl-ceramic-cat-bowl-High-foot-cat-dog-feeding-need-food-bowl-snack-canned-plate-anti-cervical-spondylosis-Anti-turnover-i.240811845.9955155150,SG Shipment Pet bowl ceramic cat bowl High-foot cat dog feeding need food bowl snack canned plate anti-cervical spondylosis Anti-turnover,,,https://down-sg.img.susercontent.com/file/lxdpijoc4rpod6_tn.webp,,39,Standard,検索/カテゴリー,,,,2025-09-12 11:03:37.821698,2025-09-12 12:23:24.825209
31,https://shopee.sg/Absolute-Holistic-Dog-Jerky-Treats-100g-Training-Rewards-Tasty-Flavors-i.268028767.24965607014,"Absolute Holistic Dog Jerky Treats 100g - Training Rewards, Tasty Flavors",,,https://down-sg.img.susercontent.com/file/lx8gos1vl8db7e_tn.webp,,22,Standard,検索/カテゴリー,,,,2025-09-12 11:03:37.823417,2025-09-12 12:23:24.826618
32,https://shopee.sg/-PPC-Cat-Scratch-Board-Cat-Scratcher-Large-Claw-Pad-Nest-Bowl-shape-Claw-Grinding-Cat-Toys-Wave-Flat-Scratching-Board-i.156182045.22054288088,[PPC] Cat Scratch Board Cat Scratcher Large Claw Pad Nest Bowl shape Claw-Grinding Cat Toys Wave & Flat Scratching Board,,,https://down-sg.img.susercontent.com/file/lw5jr92srtradd_tn.webp,,49,Standard,検索/カテゴリー,,,,2025-09-12 11:03:37.824653,2025-09-12 12:23:24.828364
33,https://shopee.sg/-Bundle-of-6-Kit-Cat-Soya-Clump-7L-Scented-Cat-Litter-Absorbent-Eco-Friendly-i.268028767.25819315951,"[Bundle of 6] Kit Cat Soya Clump - 7L Scented Cat Litter, Absorbent & Eco-Friendly",,,https://down-sg.img.susercontent.com/file/mbcelvlf5kkj15_tn.webp,,46,Standard,検索/カテゴリー,,,,2025-09-12 11:03:37.825645,2025-09-12 12:23:24.831028
34,https://shopee.sg/-As-Low-As-5.80-Absolute-Holistic-Grain-free-Jerky-Treats-i.291402948.12395495991,[As Low As $5.80] Absolute Holistic Grain free Jerky Treats,,,https://down-sg.img.susercontent.com/file/lzfkoztsylrecc_tn.webp,,5,Standard,検索/カテゴリー,,,,2025-09-12 11:03:37.826692,2025-09-12 12:23:24.832347
35,https://shopee.sg/Charcoal-Super-Absorbent-Pee-Pad-For-Dogs-Cats-Pet-Diapers-Bamboo-Deodorant-Dog-Training-Pee-Pad-Absorbent-i.508848032.23537767220,Charcoal Super Absorbent Pee Pad For Dogs Cats Pet Diapers Bamboo Deodorant Dog Training Pee Pad Absorbent,,,https://down-sg.img.susercontent.com/file/m3315sq6x5vbfd_tn.webp,,64,Standard,検索/カテゴリー,,,,2025-09-12 11:03:37.827603,2025-09-12 12:23:24.833273
36,https://shopee.sg/Addiction-Air-Dried-Grain-Free-Dog-Food-Complete-Meal-or-Topper-for-Puppies-to-Senior-Dogs-Skin-and-Coat-Health-i.96897285.10709082499?sp_atk=2ed8c5e7-0476-46a6-9696-5d556fb303de&xptdk=2ed8c5e7-0476-46a6-9696-5d556fb303de,"Addiction Air-Dried Grain-Free Dog Food , Complete Meal or Topper for Puppies to Senior Dogs, Skin and Coat Health",,,https://down-sg.img.susercontent.com/file/m8vbis5n2xw524_tn.webp,,0,Standard,検索/カテゴリー,,,,2025-09-12 12:23:01.194872,2025-09-12 12:23:24.446676
37,https://shopee.sg/Food-For-The-Good-FFTG-Freeze-Dried-Cat-Dog-Treats-with-Single-Natural-Ingredient-(20-Flavors)-i.282948424.11262606548?sp_atk=b425d4a4-527c-49d2-ab3b-2d5a7c4cdc47&xptdk=b425d4a4-527c-49d2-ab3b-2d5a7c4cdc47,Food For The Good | FFTG - Freeze Dried Cat & Dog Treats with Single Natural Ingredient (20 Flavors),,,https://down-sg.img.susercontent.com/file/m0e3rwf3vyx006_tn.webp,,20,Standard,検索/カテゴリー,,,,2025-09-12 12:23:01.198510,2025-09-12 12:23:24.447897
38,https://shopee.sg/Wellness-CORE-Tiny-Tasters-Grain-Free-Wet-Cat-Food-Flaked-Minced-Pate-1.75oz-(50g)-12-Recipes-i.282948424.4849134907?sp_atk=bb8eccba-f88f-481a-b54c-ffa0fc2cd240&xptdk=bb8eccba-f88f-481a-b54c-ffa0fc2cd240,Wellness CORE Tiny Tasters Grain-Free Wet Cat Food - Flaked/Minced/Pate 1.75oz (50g) | 12 Recipes,,,https://down-sg.img.susercontent.com/file/yywuh3qybxnvd1_tn.webp,,1,Standard,検索/カテゴリー,,,,2025-09-12 12:23:01.200013,2025-09-12 12:23:24.448636
39,https://shopee.sg/Bird-Food.-Jonsanty-Gold-Bio-Futter-Junior-Budgie-Food.-With-Cuttle-Fish-!!-2-sizes-pack.-i.315223851.23580756746?sp_atk=1c18636b-112d-4871-9697-55800c8f9335&xptdk=1c18636b-112d-4871-9697-55800c8f9335,Bird Food. Jonsanty Gold Bio Futter Junior Budgie Food. With Cuttle Fish !! 2 sizes pack.,,,https://down-sg.img.susercontent.com/file/m8xag3vtxdia45_tn.webp,,0,Standard,検索/カテゴリー,,,,2025-09-12 12:23:01.201213,2025-09-12 12:23:24.449268
40,https://shopee.sg/MIX-MATCH-WildChow-Premium-Dog-Food-Cooked-or-Raw-Frozen-Dog-Food-8-x-250g-i.20915679.19016729836?sp_atk=17c63f8a-b864-444a-9659-ac481ccecc13&xptdk=17c63f8a-b864-444a-9659-ac481ccecc13,MIX & MATCH WildChow Premium Dog Food Cooked or Raw Frozen Dog Food 8 x 250g,,,https://down-sg.img.susercontent.com/file/m4oco7pqmt2aee_tn.webp,,8,Standard,検索/カテゴリー,,,,2025-09-12 12:23:01.202434,2025-09-12 12:23:24.449874
41,https://shopee.sg/Schesir-Cat-Canned-Wet-Food-in-Natural-Juicy-Soft-Jelly-85g-Highly-Palatable-(12-Variations)-i.282948424.6442566371?sp_atk=c76fd784-0e9b-43c3-b111-f39615e1e0b0&xptdk=c76fd784-0e9b-43c3-b111-f39615e1e0b0,Schesir Cat Canned Wet Food in Natural Juicy Soft Jelly 85g | Highly Palatable (12 Variations),,,https://down-sg.img.susercontent.com/file/lpsrkh17kxy6fb_tn.webp,,85,Standard,検索/カテゴリー,,,,2025-09-12 12:23:01.203819,2025-09-12 12:23:24.450468
42,https://shopee.sg/AltimatePet-Dog-Dental-Chew-For-Oral-Care-(Cranberry-Milk-Mint)-i.508848032.18968022355?sp_atk=0fa1effd-21ea-4448-9e3d-6117d8a392f2&xptdk=0fa1effd-21ea-4448-9e3d-6117d8a392f2,AltimatePet Dog Dental Chew For Oral Care (Cranberry | Milk | Mint),,,https://down-sg.img.susercontent.com/file/m9low69y2wkv39_tn.webp,,6,Standard,検索/カテゴリー,,,,2025-09-12 12:23:01.204998,2025-09-12 12:23:24.451081
43,https://shopee.sg/Underdog-Air-Dried-Freeze-Dried-Dog-Treats-50g-80g-(12-Flavours-Available)-i.175405163.7203212775?sp_atk=82f72f97-9157-4034-b394-fae9869aed4d&xptdk=82f72f97-9157-4034-b394-fae9869aed4d,Underdog Air Dried & Freeze Dried Dog Treats 50g-80g (12 Flavours Available),,,https://down-sg.img.susercontent.com/file/33d8dbbc0d1b7f3af9aa5f5b1d5cf000_tn.webp,,50,Standard,検索/カテゴリー,,,,2025-09-12 12:23:01.206063,2025-09-12 12:23:24.451678
44,https://shopee.sg/Jerky-Time-Soup-Time-Cat-Treat-80g-Codfish-Chicken-Duck-i.291402948.23969780652?sp_atk=3ad60927-c027-44f5-ade9-b1b827d9f102&xptdk=3ad60927-c027-44f5-ade9-b1b827d9f102,"Jerky Time /Soup Time Cat Treat 80g- Codfish, Chicken, Duck",,,https://down-sg.img.susercontent.com/file/luhb21idc9zm6e_tn.webp,,80,Standard,検索/カテゴリー,,,,2025-09-12 12:23:01.207084,2025-09-12 12:23:24.452273
45,https://shopee.sg/SmartHeart-Refine-Cat-Wet-Food-Pouch-Selected-Tuna-in-Jelly-70g-(5-Real-Meat-Recipes)-i.282948424.23946841316?sp_atk=97dd3175-6b4f-494e-ac0a-628b929b76a7&xptdk=97dd3175-6b4f-494e-ac0a-628b929b76a7,SmartHeart Refine Cat Wet Food Pouch - Selected Tuna in Jelly 70g (5 Real Meat Recipes),,,https://down-sg.img.susercontent.com/file/limw0uf9jgtz0c_tn.webp,,70,Standard,検索/カテゴリー,,,,2025-09-12 12:23:01.207967,2025-09-12 12:23:24.452976
46,https://shopee.sg/Cat-Wet-Food-Ron-Ron-Halal-Starter-Pack-of-12-sachets-(4-sachets-per-flavor)-i.44681767.23943588884?sp_atk=02de6594-026a-497c-8331-255ce62e5ad9&xptdk=02de6594-026a-497c-8331-255ce62e5ad9,"Cat Wet Food Ron Ron Halal, Starter Pack of 12 sachets (4 sachets per flavor)",,,https://down-sg.img.susercontent.com/file/lxmseojtew0aff_tn.webp,,0,Standard,検索/カテゴリー,,,,2025-09-12 12:23:01.208917,2025-09-12 12:23:24.453578
47,https://shopee.sg/Jerky-Time-Dog-Treats-80g-Chicken-Lamb-Duck-i.291402948.23933704303?sp_atk=0c5112b4-2905-4da3-8d58-7ed0272ffdeb&xptdk=0c5112b4-2905-4da3-8d58-7ed0272ffdeb,"Jerky Time Dog Treats 80g -Chicken, Lamb, Duck",,,https://down-sg.img.susercontent.com/file/zs2dy38z7wov94_tn.webp,,80,Standard,検索/カテゴリー,,,,2025-09-12 12:23:01.210448,2025-09-12 12:23:24.454162
48,https://shopee.sg/MOOCHIE-Creamy-Broth-for-Cats-40g-i.176639221.23837273923?sp_atk=844c639c-de26-4368-a6a0-732df637e35d&xptdk=844c639c-de26-4368-a6a0-732df637e35d,MOOCHIE Creamy Broth for Cats 40g,,,https://down-sg.img.susercontent.com/file/mefcav678wzm28_tn.webp,,40,Standard,検索/カテゴリー,,,,2025-09-12 12:23:01.211798,2025-09-12 12:23:24.454806
49,https://shopee.sg/Vitakraft-Joesie-Hearts-Tray-(85g)-i.310497804.23835544045?sp_atk=f892122f-7cd1-4e19-975c-4178c2b636ae&xptdk=f892122f-7cd1-4e19-975c-4178c2b636ae,Vitakraft - Joesie Hearts Tray (85g),,,https://down-sg.img.susercontent.com/file/ley4klx12p6w52_tn.webp,,85,Standard,検索/カテゴリー,,,,2025-09-12 12:23:01.212707,2025-09-12 12:23:24.455386
50,https://shopee.sg/%F0%9F%87%B8%F0%9F%87%AC-Dehydrated-Corn-Cob-Glutinous-Corn-Cob-Freeze-Dried-Corn-Hamster-Treats-Hamster-Molar-Chew-Corn-Cob-Slices-i.75774560.23802191858?sp_atk=6502fc03-e5b0-45f9-a880-d6edc24ec616&xptdk=6502fc03-e5b0-45f9-a880-d6edc24ec616,🇸🇬 Dehydrated Corn Cob | Glutinous Corn Cob | Freeze Dried Corn | Hamster Treats | Hamster Molar Chew | Corn Cob Slices,,,https://down-sg.img.susercontent.com/file/ma1bl492zuleec_tn.webp,,0,Standard,検索/カテゴリー,,,,2025-09-12 12:23:01.215344,2025-09-12 12:23:24.455975
51,https://shopee.sg/Aixia-Kuro-can-Wet-Cat-Foods-80g--i.291402948.23768338785?sp_atk=164c8abb-397e-4681-852c-4ffcf6f69902&xptdk=164c8abb-397e-4681-852c-4ffcf6f69902,Aixia Kuro-can Wet Cat Foods 80g -,,,https://down-sg.img.susercontent.com/file/a055b389e9d5ee09b62fb158d8a963e5_tn.webp,,80,Standard,検索/カテゴリー,,,,2025-09-12 12:23:01.216666,2025-09-12 12:23:24.456558
52,https://shopee.sg/CLEARANCE-Friskies-Party-Mix-Crunch-(60g)-i.310497804.23719172367?sp_atk=d54aff91-9c94-4a39-a4d5-f24147a5d49b&xptdk=d54aff91-9c94-4a39-a4d5-f24147a5d49b,CLEARANCE: Friskies Party Mix Crunch (60g),,,https://down-sg.img.susercontent.com/file/m0eb7j8qj3cgb4_tn.webp,,60,Standard,検索/カテゴリー,,,,2025-09-12 12:23:01.217859,2025-09-12 12:23:24.457147
53,https://shopee.sg/-2-off!-Wellness-Core-Tiny-Tasters-1.75-oz-Appetizing-Entrees-1.4-oz-Wet-Cat-Food-i.291402948.23718693233?sp_atk=0b7c4ae0-0b02-4189-9aeb-9be636b8c8d2&xptdk=0b7c4ae0-0b02-4189-9aeb-9be636b8c8d2,[2% off!] Wellness Core Tiny Tasters 1.75 oz | Appetizing Entrees 1.4 oz Wet Cat Food,,,https://down-sg.img.susercontent.com/file/mbkfxm1p8g4n28_tn.webp,,2,Standard,検索/カテゴリー,,,,2025-09-12 12:23:01.219060,2025-09-12 12:23:24.457911
54,https://shopee.sg/Kit-Cat-Petite-Tuna-Pouch-Wet-Cat-Food-70g(7-Flavours)-i.377700604.23621561010?sp_atk=743ee523-2914-4925-bc94-12bfe91ff938&xptdk=743ee523-2914-4925-bc94-12bfe91ff938,Kit Cat Petite Tuna Pouch Wet Cat Food  70g(7 Flavours),,,https://down-sg.img.susercontent.com/file/9glr7zn6y3mvb0_tn.webp,,70,Standard,検索/カテゴリー,,,,2025-09-12 12:23:01.220256,2025-09-12 12:23:24.458857
55,https://shopee.sg/Absolute-Holistic-Boost-Dog-Dental-Chew-2.5-(6.35cm)-18pcs-(Value-Pack)-i.508848032.23545186628?sp_atk=bb2c0230-bbf7-4253-a6e1-ba66cd54a9ef&xptdk=bb2c0230-bbf7-4253-a6e1-ba66cd54a9ef,"Absolute Holistic Boost Dog Dental Chew 2.5"" (6.35cm) 18pcs (Value Pack)",,,https://down-sg.img.susercontent.com/file/lhw28lt5fem2a3_tn.webp,,2,Standard,検索/カテゴリー,,,,2025-09-12 12:23:01.221419,2025-09-12 12:23:24.460341
56,https://shopee.sg/Dehydrated-Chicken-Neck-Duck-Neck-Jerky-*No-Preservatives*-Dog-Chew-Dental-Chew-i.389744827.23505800255?sp_atk=6d5cbff7-736c-4721-b4c2-de6ddb9bf334&xptdk=6d5cbff7-736c-4721-b4c2-de6ddb9bf334,"Dehydrated Chicken Neck Duck Neck Jerky *No Preservatives* Dog Chew, Dental Chew",,,https://down-sg.img.susercontent.com/file/lq48th6aj1ve65_tn.webp,,0,Standard,検索/カテゴリー,,,,2025-09-12 12:23:01.222514,2025-09-12 12:23:24.461806
57,https://shopee.sg/Fresh-Crunchy-Molar-Grass-Stick-Hamster-Rabbit-Chinchilla-Pet-Timothy-Alfafa-Carrot-Oat-Fruit-Tree-Flower-i.1067373301.23456559106?sp_atk=302fb731-0fa8-46fe-86da-130358dbc81d&xptdk=302fb731-0fa8-46fe-86da-130358dbc81d,Fresh Crunchy Molar Grass Stick Hamster / Rabbit Chinchilla Pet / Timothy Alfafa Carrot Oat Fruit Tree Flower,,,https://down-sg.img.susercontent.com/file/lmcpqjzyq05572_tn.webp,,3,Standard,検索/カテゴリー,,,,2025-09-12 12:23:01.223635,2025-09-12 12:23:24.463502
58,https://shopee.sg/Sheba-Melty-20-sticks-Moochie-Puree-25-sticks-i.291402948.23439085296?sp_atk=4450b83b-cfe3-417c-b00e-9c0e4739c406&xptdk=4450b83b-cfe3-417c-b00e-9c0e4739c406,Sheba Melty 20 sticks /Moochie Puree 25 sticks,,,https://down-sg.img.susercontent.com/file/lfm6mx7wdt2abc_tn.webp,,20,Standard,検索/カテゴリー,,,,2025-09-12 12:23:01.224555,2025-09-12 12:23:24.465542
59,https://shopee.sg/Furmily-Sunny-Side-Up-Eggs-Cat-Dog-Treats-100-Natural-Freshly-Made-Human-Grade-i.789511261.23369840255?sp_atk=576986a7-bf6c-42bb-8dad-e38a3f602583&xptdk=576986a7-bf6c-42bb-8dad-e38a3f602583,"Furmily Sunny Side Up Eggs [Cat & Dog Treats] 100% Natural, Freshly Made, Human-Grade",,,https://down-sg.img.susercontent.com/file/lwy7oerq6ahrbc_tn.webp,,100,Standard,検索/カテゴリー,,,,2025-09-12 12:23:01.225456,2025-09-12 12:23:24.466377
60,https://shopee.sg/Jonsanty-Healthy-Complete-Egg-Millet-Food-1200ml-Parrot-Parakeet-Budgie-Cockatiel-i.291402948.23255009750?sp_atk=74332bba-7759-4607-a484-388ebcadb342&xptdk=74332bba-7759-4607-a484-388ebcadb342,Jonsanty Healthy Complete Egg Millet Food 1200ml Parrot Parakeet Budgie Cockatiel,,,https://down-sg.img.susercontent.com/file/llr80mlfavkp72_tn.webp,,1200,Standard,検索/カテゴリー,,,,2025-09-12 12:23:01.226522,2025-09-12 12:23:24.467436
61,https://shopee.sg/DoggyMan-Doggy-Snack-Biscuits-Cookies-i.291402948.23236394524?sp_atk=b763634d-a4d8-47a1-b452-ca70537e8568&xptdk=b763634d-a4d8-47a1-b452-ca70537e8568,DoggyMan Doggy Snack Biscuits | Cookies,,,https://down-sg.img.susercontent.com/file/m50x8smgtmq685_tn.webp,,0,Standard,検索/カテゴリー,,,,2025-09-12 12:23:01.227517,2025-09-12 12:23:24.468642
62,https://shopee.sg/Kit-Cat-Deboned-Canned-Food-Topper-80g-i.291402948.23219211498?sp_atk=2215cf6f-8fdf-463e-8946-e04939588f92&xptdk=2215cf6f-8fdf-463e-8946-e04939588f92,Kit Cat Deboned Canned Food Topper 80g,,,https://down-sg.img.susercontent.com/file/6d4nozcbbgmva5_tn.webp,,80,Standard,検索/カテゴリー,,,,2025-09-12 12:23:01.228362,2025-09-12 12:23:24.469618
63,https://shopee.sg/Sheba-Cat-Pouch-70g-Tuna-chicken-Kitten-Bonito-i.291402948.23206121944?sp_atk=c842749b-c223-4a5f-8ca6-3774e576d674&xptdk=c842749b-c223-4a5f-8ca6-3774e576d674,"Sheba Cat Pouch 70g -Tuna, chicken, Kitten, Bonito",,,https://down-sg.img.susercontent.com/file/lvd82zo6a2jfae_tn.webp,,70,Standard,検索/カテゴリー,,,,2025-09-12 12:23:01.229203,2025-09-12 12:23:24.470537
64,https://shopee.sg/Bronco-Jerky-Dog-Treats-70g-(6-Flavors)-i.377700604.23176212959?sp_atk=22c194cf-564c-4bb2-9d90-81862a49f876&xptdk=22c194cf-564c-4bb2-9d90-81862a49f876,Bronco Jerky Dog Treats 70g (6 Flavors),,,https://down-sg.img.susercontent.com/file/lk6xtb4eqa230e_tn.webp,,70,Standard,検索/カテゴリー,,,,2025-09-12 12:23:01.230075,2025-09-12 12:23:24.471288
65,https://shopee.sg/Almo-Nature-HFC-NATURAL-Cat-Wet-70g-i.310497804.23171609331?sp_atk=01e477a2-13eb-420b-b429-64ca9627f8c9&xptdk=01e477a2-13eb-420b-b429-64ca9627f8c9,Almo Nature HFC NATURAL Cat Wet 70g,,,https://down-sg.img.susercontent.com/file/lia1nsgyjhtsbc_tn.webp,,70,Standard,検索/カテゴリー,,,,2025-09-12 12:23:01.230937,2025-09-12 12:23:24.472026
66,https://shopee.sg/Ciao-Churu-Cat-Treats-50-Sticks-Chicken-Tuna-Seafood-Real-Ingredients-i.1049876479.23076270058?sp_atk=b528c5c5-1d0a-46ed-aab6-d97e3acaf973&xptdk=b528c5c5-1d0a-46ed-aab6-d97e3acaf973,"Ciao Churu Cat Treats - 50 Sticks, Chicken Tuna Seafood, Real Ingredients",,,https://down-sg.img.susercontent.com/file/lkpi5jh6ciole7_tn.webp,,50,Standard,検索/カテゴリー,,,,2025-09-12 12:23:01.231767,2025-09-12 12:23:24.473035
67,https://shopee.sg/AFreschi-Singapaw-Turkey-Beef-Tendon-Dog-Treat-SMALL-i.291402948.23069243730?sp_atk=08991b21-ae3c-4789-b8c3-1b0d9bb9a642&xptdk=08991b21-ae3c-4789-b8c3-1b0d9bb9a642,AFreschi / Singapaw Turkey / Beef Tendon Dog Treat SMALL,,,https://down-sg.img.susercontent.com/file/lv32hi60qegx74_tn.webp,,2,Standard,検索/カテゴリー,,,,2025-09-12 12:23:01.232586,2025-09-12 12:23:24.474106
68,https://shopee.sg/-Clearance-50-off-Carnilove-Fresh-True-Fresh-Kibbles-for-Dogs-ONLY-Fresh-Meat-Content-Grain-Potato-Free-i.86893356.23045176908?sp_atk=7d5eda4b-d45b-480e-bf14-8be897ae430a&xptdk=7d5eda4b-d45b-480e-bf14-8be897ae430a,[Clearance >50% off] Carnilove Fresh & True Fresh Kibbles for Dogs | ONLY Fresh Meat Content Grain & Potato Free,,,https://down-sg.img.susercontent.com/file/me5uyf18md4y66_tn.webp,,50,Standard,検索/カテゴリー,,,,2025-09-12 12:23:01.233378,2025-09-12 12:23:24.475450
69,https://shopee.sg/Jerhigh-Dog-Healthy-Sticks-and-Treats-70G-50G-Mix-Match-i.86893356.23043974642?sp_atk=02bf802d-09e6-40c5-84c0-8d8c0dc08c82&xptdk=02bf802d-09e6-40c5-84c0-8d8c0dc08c82,Jerhigh Dog Healthy Sticks and Treats 70G/50G Mix & Match,,,https://down-sg.img.susercontent.com/file/lmg5e0xhrn8917_tn.webp,,70,Standard,検索/カテゴリー,,,,2025-09-12 12:23:01.234172,2025-09-12 12:23:24.476607
70,https://shopee.sg/Dr-Shiba-Happy-Tummy-Silky-Fur-Healthy-Dog-Treats-Dog-Vitamins-Dog-Food-for-Overall-Dog-Health-i.793263499.23037976361?sp_atk=494b8803-fdb7-4929-b838-f3041498b3fd&xptdk=494b8803-fdb7-4929-b838-f3041498b3fd,Dr Shiba Happy Tummy & Silky Fur Healthy Dog Treats Dog Vitamins - Dog Food for Overall Dog Health,,,https://down-sg.img.susercontent.com/file/m974e578812180_tn.webp,,52,Standard,検索/カテゴリー,,,,2025-09-12 12:23:01.235038,2025-09-12 12:23:24.477541
71,https://shopee.sg/-New-40g-100-goat-milk-cube-for-pets.-i.389744827.23037750934?sp_atk=08e489c4-b48b-426f-9bd4-636102bba9db&xptdk=08e489c4-b48b-426f-9bd4-636102bba9db,[New] 40g 100% goat milk cube for pets.,,,https://down-sg.img.susercontent.com/file/ls89fpz7p3crd0_tn.webp,,40,Standard,検索/カテゴリー,,,,2025-09-12 12:23:01.235831,2025-09-12 12:23:24.478775
72,https://shopee.sg/-5-for-32-Absolute-Holistic-Dental-Chew-Dog-Treat-(Value-Pack)-i.86893356.23027844194?sp_atk=332e3eac-fabe-4797-a8ef-6afd5b5addd1&xptdk=332e3eac-fabe-4797-a8ef-6afd5b5addd1,[5 for $32] Absolute Holistic Dental Chew Dog Treat (Value Pack),,,https://down-sg.img.susercontent.com/file/lswzrl7x0zgo29_tn.webp,,5,Standard,検索/カテゴリー,,,,2025-09-12 12:23:01.236672,2025-09-12 12:23:24.480873
73,https://shopee.sg/-Promo-16.00-Ciao-Churu-Festive-Pack-48s-50s-Petite-Max-i.240182006.22972775209?sp_atk=a1a73fc7-314e-4885-9742-50fb36c43902&xptdk=a1a73fc7-314e-4885-9742-50fb36c43902,[Promo $16.00] Ciao Churu Festive Pack 48s/50s/Petite/Max,,,https://down-sg.img.susercontent.com/file/llwyv5xr9kxlef_tn.webp,,16,Standard,検索/カテゴリー,,,,2025-09-12 12:23:01.237429,2025-09-12 12:23:24.483398
74,https://shopee.sg/Versele-Laga-Prestige-Big-Parakeets-Bird-Food-1kg-i.291402948.22968130004?sp_atk=8021c2c2-866f-46a1-b8fe-60db4a347a36&xptdk=8021c2c2-866f-46a1-b8fe-60db4a347a36,Versele Laga Prestige Big Parakeets Bird Food 1kg,,,https://down-sg.img.susercontent.com/file/lgvzqt0x2q032f_tn.webp,,1000,Standard,検索/カテゴリー,,,,2025-09-12 12:23:01.238183,2025-09-12 12:23:24.484644
75,https://shopee.sg/YEE-Freeze-Dried-Catnip-Cube-Cat-Treats-50g-Fish-Oil-Hairball-Control-i.291402948.22948309165?sp_atk=1f40e9b0-6114-4caa-9edd-1873a9aff2ba&xptdk=1f40e9b0-6114-4caa-9edd-1873a9aff2ba,YEE Freeze Dried Catnip Cube Cat Treats 50g |Fish Oil | Hairball Control,,,https://down-sg.img.susercontent.com/file/m4tone56enh49f_tn.webp,,50,Standard,検索/カテゴリー,,,,2025-09-12 12:23:01.239091,2025-09-12 12:23:24.486036
76,https://shopee.sg/-70g-Kakato-Wet-Can-food-for-Dogs-and-Cats-i.291402948.22943780998?sp_atk=bea79c28-f5a8-4f78-bbd3-efb918358686&xptdk=bea79c28-f5a8-4f78-bbd3-efb918358686,[70g] Kakato Wet Can food for Dogs and Cats,,,https://down-sg.img.susercontent.com/file/lha5r69qukgzba_tn.webp,,70,Standard,検索/カテゴリー,,,,2025-09-12 12:23:01.239962,2025-09-12 12:23:24.487017
77,https://shopee.sg/Fancy-Feast-Broths-Classic-40g-i.291402948.22939243116?sp_atk=ce943ebf-faeb-4083-b93f-07cdfb3b3a58&xptdk=ce943ebf-faeb-4083-b93f-07cdfb3b3a58,Fancy Feast Broths Classic 40g,,,https://down-sg.img.susercontent.com/file/m1k0su3b4mdkd7_tn.webp,,40,Standard,検索/カテゴリー,,,,2025-09-12 12:23:01.240788,2025-09-12 12:23:24.487769
78,https://shopee.sg/Natural-Core-Organic-Dog-Food-1kg-Salmon-Puppy-Bene-M50-Chicken-Vegetarian-Lamb-i.291402948.22913934730?sp_atk=b339a59b-7237-429c-a76a-06a6b35d7e27&xptdk=b339a59b-7237-429c-a76a-06a6b35d7e27,"Natural Core Organic Dog Food 1kg -Salmon, Puppy, Bene M50 -Chicken, Vegetarian, Lamb",,,https://down-sg.img.susercontent.com/file/fs7hs8hkoglv9b_tn.webp,,1000,Standard,検索/カテゴリー,,,,2025-09-12 12:23:01.241557,2025-09-12 12:23:24.488605
79,https://shopee.sg/%F0%9F%87%B8%F0%9F%87%AC-LOCAL-SELLER-%F0%9F%87%B8%F0%9F%87%AC-5kg-CP-Chicken-Feed-for-Laying-Hens-MAX-EGG-PRODUCTION-i.29426589.22912879617?sp_atk=02e5cc2d-aa4f-4885-83ec-5ac99abd7b76&xptdk=02e5cc2d-aa4f-4885-83ec-5ac99abd7b76,🇸🇬[LOCAL SELLER]🇸🇬 5kg CP Chicken Feed for Laying Hens MAX EGG PRODUCTION,,,https://down-sg.img.susercontent.com/file/qpa77xkthblv1a_tn.webp,,5000,Standard,検索/カテゴリー,,,,2025-09-12 12:23:01.242319,2025-09-12 12:23:24.489787
80,https://shopee.sg/Pak-Belalang-500G-Bird-Food-for-Hwa-Mei-Shama-Robin-Jambul-Red-rich-in-protein-and-vitamin-sing-by-Bird-Canopy-i.306443754.22880419429?sp_atk=b2f4cf98-afa5-41ec-a85e-8415da63990e&xptdk=b2f4cf98-afa5-41ec-a85e-8415da63990e,Pak Belalang 500G Bird Food for Hwa Mei Shama Robin Jambul Red rich in protein and vitamin sing by Bird Canopy,,,https://down-sg.img.susercontent.com/file/lxki6jq23dxk54_tn.webp,,500,Standard,検索/カテゴリー,,,,2025-09-12 12:23:01.243134,2025-09-12 12:23:24.490811
81,https://shopee.sg/JBL-ProNovo-Shrimps-GRANO-S-i.266919139.22870255394?sp_atk=d7578668-7fe9-4b4e-86c6-a88f78d9db5b&xptdk=d7578668-7fe9-4b4e-86c6-a88f78d9db5b,JBL ProNovo Shrimps GRANO S,,,https://down-sg.img.susercontent.com/file/lhq5v9nwdt9pc8_tn.webp,,0,Standard,検索/カテゴリー,,,,2025-09-12 12:23:01.243887,2025-09-12 12:23:24.492014
82,https://shopee.sg/SmartHeart-Cat-Pouch-Wet-Cat-Food-(8-Flavours)-i.377700604.22819057183?sp_atk=35e9762a-06fc-433a-9fe3-d61ec59c7529&xptdk=35e9762a-06fc-433a-9fe3-d61ec59c7529,SmartHeart Cat Pouch Wet Cat Food (8 Flavours),,,https://down-sg.img.susercontent.com/file/r6e4fvly7emva5_tn.webp,,8,Standard,検索/カテゴリー,,,,2025-09-12 12:23:01.244618,2025-09-12 12:23:24.492897
83,https://shopee.sg/Mixable-Fancy-Feast-Cat-Canned-Food-85g-i.291402948.22775078490?sp_atk=e2725744-c6ce-42d6-b3dd-3c17bd136aa6&xptdk=e2725744-c6ce-42d6-b3dd-3c17bd136aa6,Mixable Fancy Feast Cat Canned Food 85g,,,https://down-sg.img.susercontent.com/file/lvd7sfups9hrf8_tn.webp,,85,Standard,検索/カテゴリー,,,,2025-09-12 12:23:01.245346,2025-09-12 12:23:24.493702
84,https://shopee.sg/JONSANTY-Small-Pets-Hamster-Rabbits-Treats-Snacks-i.886335790.22733389956?sp_atk=1dd889e6-4960-49a9-952a-e0161867a85e&xptdk=1dd889e6-4960-49a9-952a-e0161867a85e,JONSANTY Small Pets Hamster Rabbits Treats & Snacks,,,https://down-sg.img.susercontent.com/file/mb3syt8cuxnt9d_tn.webp,,0,Standard,検索/カテゴリー,,,,2025-09-12 12:23:01.246089,2025-09-12 12:23:24.494450
85,https://shopee.sg/BUNDLE-OF-16-Bronco-P%C3%A2t%C3%A9-Tray-(100g)-i.190084783.22719366887?sp_atk=741fbf83-91d2-4c9c-8765-6b589d590ceb&xptdk=741fbf83-91d2-4c9c-8765-6b589d590ceb,BUNDLE OF 16: Bronco Pâté Tray (100g),,,https://down-sg.img.susercontent.com/file/cdmdxmuzthmv31_tn.webp,,16,Standard,検索/カテゴリー,,,,2025-09-12 12:23:01.247061,2025-09-12 12:23:24.495193
86,https://shopee.sg/-Bundle-of-6-Nutripe-Pure-with-Green-Tripe-Cat-Can-Food-95g-i.291402948.22669908599?sp_atk=039b543f-f05f-4ac8-bbe4-718e7d32fa1f&xptdk=039b543f-f05f-4ac8-bbe4-718e7d32fa1f,[Bundle of 6] Nutripe Pure with Green Tripe Cat Can Food 95g,,,https://down-sg.img.susercontent.com/file/lhx78wg858px14_tn.webp,,6,Standard,検索/カテゴリー,,,,2025-09-12 12:23:01.248026,2025-09-12 12:23:24.495912
87,https://shopee.sg/Momi-1st-2nd-Cut-Timothy-Hay-2.5kg-i.291402948.22633371728?sp_atk=5391798f-6117-4627-b0f7-3ab69760de6e&xptdk=5391798f-6117-4627-b0f7-3ab69760de6e,Momi 1st/2nd Cut Timothy Hay 2.5kg,,,https://down-sg.img.susercontent.com/file/lg0si2po7ed011_tn.webp,,1,Standard,検索/カテゴリー,,,,2025-09-12 12:23:01.249011,2025-09-12 12:23:24.496769
88,https://shopee.sg/Temptations-Mega-Pack-Cat-Treats-160g-Chicken-Tuna-Salmon-i.291402948.22468049184?sp_atk=4a39b0e9-9f15-4b1a-acf9-e5c55aa8b66b&xptdk=4a39b0e9-9f15-4b1a-acf9-e5c55aa8b66b,Temptations Mega Pack Cat Treats 160g Chicken/ Tuna/ Salmon,,,https://down-sg.img.susercontent.com/file/lgun3hhlfl6f2e_tn.webp,,160,Standard,検索/カテゴリー,,,,2025-09-12 12:23:01.249982,2025-09-12 12:23:24.497664
89,https://shopee.sg/Singapaw-Salmon-Pollock-Cat-Dog-Treats-i.291402948.22436250426?sp_atk=ea10246e-5c6d-43be-9376-07383e3c8404&xptdk=ea10246e-5c6d-43be-9376-07383e3c8404,Singapaw Salmon / Pollock Cat & Dog Treats,,,https://down-sg.img.susercontent.com/file/lpusgl66z85j4c_tn.webp,,7,Standard,検索/カテゴリー,,,,2025-09-12 12:23:01.251121,2025-09-12 12:23:24.498469
90,https://shopee.sg/Sparkles-Gravylicious-Halal-Wet-Cat-Canned-Food-80g-Real-Meat-in-Gravy-(8-Chicken-Fish-Recipes)-i.282948424.22435682055?sp_atk=6660222a-7f11-4b9a-8d9f-bacc94f161ed&xptdk=6660222a-7f11-4b9a-8d9f-bacc94f161ed,Sparkles Gravylicious Halal Wet Cat Canned Food 80g - Real Meat in Gravy (8 Chicken & Fish Recipes),,,https://down-sg.img.susercontent.com/file/lkanwk19kbde9e_tn.webp,,80,Standard,検索/カテゴリー,,,,2025-09-12 12:23:01.252236,2025-09-12 12:23:24.499195
91,https://shopee.sg/Jolly-cat-Canned-Food-JELLY-CANNED-FOOD-i.310497804.22418657684?sp_atk=bcb4a0f3-0693-4427-9fc0-55d3bb537d50&xptdk=bcb4a0f3-0693-4427-9fc0-55d3bb537d50,Jolly cat Canned Food - JELLY CANNED FOOD,,,https://down-sg.img.susercontent.com/file/9a26axlapamv0a_tn.webp,,24,Standard,検索/カテゴリー,,,,2025-09-12 12:23:01.253387,2025-09-12 12:23:24.500015
92,https://shopee.sg/-Bundle-Promo-2-OFF-Fussie-Cat-Tuna-Chicken-Wet-Cat-Food-70g-80g-i.63888299.22417765567?sp_atk=ed99bec5-1df1-4164-abe5-533332d6e7bf&xptdk=ed99bec5-1df1-4164-abe5-533332d6e7bf,[Bundle Promo $2 OFF] Fussie Cat Tuna/Chicken Wet Cat Food 70g/80g,,,https://down-sg.img.susercontent.com/file/tfy9u4dmhnov75_tn.webp,,2,Standard,検索/カテゴリー,,,,2025-09-12 12:23:01.254217,2025-09-12 12:23:24.500717
93,https://shopee.sg/-Bundle-of-12-Zealandia-Cat-Grain-free-Free-Range-Wet-Cat-Food-170g-185g-i.377700604.22404867285?sp_atk=11d6ead2-25ea-41b5-9514-f3078de5206a&xptdk=11d6ead2-25ea-41b5-9514-f3078de5206a,[Bundle of 12] Zealandia Cat Grain-free Free-Range Wet Cat Food 170g - 185g,,,https://down-sg.img.susercontent.com/file/mrb9kaiucqjved_tn.webp,,12,Standard,検索/カテゴリー,,,,2025-09-12 12:23:01.255040,2025-09-12 12:23:24.501416
94,https://shopee.sg/-Mix-n-Match-Sumo-Cat-Can-Food-80g-Tuna-Chicken-Anchovy-Prawn.-Shirasu-i.291402948.22341150644?sp_atk=5194445e-a85b-4d5b-896a-a07f817b9411&xptdk=5194445e-a85b-4d5b-896a-a07f817b9411,"[Mix n Match] Sumo Cat Can Food 80g -Tuna, Chicken, Anchovy, Prawn. Shirasu",,,https://down-sg.img.susercontent.com/file/lg8xi0x75kldca_tn.webp,,80,Standard,検索/カテゴリー,,,,2025-09-12 12:23:01.255763,2025-09-12 12:23:24.502153
95,https://shopee.sg/Sparkles-Cat-Can-80g-Gravy-licious-Jelly-licious-Tuna-Chicken-Salmon-Crab-Shrimp-Crab-Shirasu-i.291402948.22336338206?sp_atk=bb9728e8-d992-42b3-b6fa-496d6518c4eb&xptdk=bb9728e8-d992-42b3-b6fa-496d6518c4eb,"Sparkles Cat Can 80g - Gravy-licious, Jelly-licious -Tuna, Chicken, Salmon, Crab, Shrimp, Crab, Shirasu",,,https://down-sg.img.susercontent.com/file/lf2rq1ax4lv35f_tn.webp,,80,Standard,検索/カテゴリー,,,,2025-09-12 12:23:01.256723,2025-09-12 12:23:24.502877
96,https://shopee.sg/Hair-Clipper-Rechargeable-Hair-Trimmer-Men-Beard-Trimmer-Cutting-Machine-Cutter-Shaver-Cordless-Mesin-Rambut-i.1299445769.27955023875,Hair Clipper Rechargeable Hair Trimmer Men Beard Trimmer Cutting Machine Cutter Shaver Cordless Mesin Rambut,,,https://down-sg.img.susercontent.com/file/lvy10zwn887e32_tn.webp,,58,Standard,検索/カテゴリー,,,,2025-09-12 12:23:25.284810,2025-09-12 12:23:25.284830
97,https://shopee.sg/SKIN1004-Madagascar-Centella-Hyalu-Cica-Water-Fit-Sun-Serum-50ml-(Twin-Pack)-SPF50-PA--i.322645596.16394046635,SKIN1004 Madagascar Centella Hyalu-Cica Water-Fit Sun Serum 50ml (Twin Pack) SPF50 PA++++,,,https://down-sg.img.susercontent.com/file/mee906wduvid25_tn.webp,,68,Standard,検索/カテゴリー,,,,2025-09-12 12:23:25.286199,2025-09-12 12:23:25.286221
98,https://shopee.sg/-medicube-official-Collagen-Niacinamide-Jelly-Cream-Boosts-skin's-barrier-hydration-i.140962220.23652897463,[medicube official] Collagen Niacinamide Jelly Cream - Boosts skin's barrier hydration,,,https://down-sg.img.susercontent.com/file/ltc8hat56701c8_tn.webp,,51,Standard,検索/カテゴリー,,,,2025-09-12 12:23:25.287390,2025-09-12 12:23:25.287407
99,https://shopee.sg/-d'Alba-Vegan-Sunscreen-5-Piece-Set-(Essence-Sun-1ml-*-3ea-Mild-Sun-1ml-*-3ea-Tone-up-Sun-1ml-*-3ea-Purple-Sun-1ml-*-3ea-Super-Sun-1ml-*-3ea)-i.928177826.29425130526,[d'Alba] Vegan Sunscreen 5-Piece Set (Essence Sun 1ml * 3ea + Mild Sun 1ml * 3ea + Tone-up Sun 1ml * 3ea + Purple Sun 1ml * 3ea + Super Sun 1ml * 3ea),,,https://down-sg.img.susercontent.com/file/m8jys7wiaw453d_tn.webp,,5,Standard,検索/カテゴリー,,,,2025-09-12 12:23:25.288439,2025-09-12 12:23:25.288455
100,https://shopee.sg/-Official-Italian-White-Truffle-Waterfull-Tone-up-Sun-Cream-50ml-(SPF50-PA-)-i.928177826.17992700757,[Official] Italian White Truffle Waterfull Tone-up Sun Cream 50ml (SPF50+ PA++++),,,https://down-sg.img.susercontent.com/file/mbqixac2a4y511_tn.webp,,41,Standard,検索/カテゴリー,,,,2025-09-12 12:23:25.289524,2025-09-12 12:23:25.289555
101,https://shopee.sg/WOSADO%E2%9A%A1%EF%B8%8F%E3%80%90SG%E3%80%91Magnetic-False-Eyelash-Lash-Silky-Diamond-Ultra-Frost-BearIsBug-i.1013782053.24730018388,WOSADO⚡️【SG】Magnetic False Eyelash Lash Silky Diamond Ultra Frost BearIsBug,,,https://down-sg.img.susercontent.com/file/mdcw2epfzexgea_tn.webp,,11,Standard,検索/カテゴリー,,,,2025-09-12 12:23:25.291170,2025-09-12 12:23:25.291195
102,https://shopee.sg/Stryv-MiniStyler-Compact-Wireless-Anti-frizz-Heated-Comb-Fast-Multiple-Heat-settings-i.818044898.26706520254,Stryv MiniStyler | Compact Wireless Anti-frizz Heated Comb Fast Multiple Heat settings,,,https://down-sg.img.susercontent.com/file/m3a3u4a0qj4ec8_tn.webp,,50,Standard,検索/カテゴリー,,,,2025-09-12 12:23:25.298717,2025-09-12 12:23:25.298735
103,https://shopee.sg/Schwarzkopf-Osis-Hairspray-(Elastic-Session-Freeze-Volume-Up-Silhouette)-300-500ml-i.215845413.8834705282,Schwarzkopf Osis+ Hairspray (Elastic/Session/Freeze/Volume Up/Silhouette) - 300/500ml,,,https://down-sg.img.susercontent.com/file/m3ptmd1ua59j0f_tn.webp,,300,Standard,検索/カテゴリー,,,,2025-09-12 12:23:25.300257,2025-09-12 12:23:25.300288
104,https://shopee.sg/OF-Sea-Salt-Styling-Spray-Volume-Enhancer-Hold-Enhancer-Heat-Protection-Texture-Hair-Spray-i.10287.28060447658,OF Sea Salt Styling Spray | Volume Enhancer | Hold Enhancer | Heat Protection | Texture | Hair Spray,,,https://down-sg.img.susercontent.com/file/maaxv5zn04vm99_tn.webp,,35,Standard,検索/カテゴリー,,,,2025-09-12 12:23:25.302822,2025-09-12 12:23:25.302840
105,https://shopee.sg/KAO-Japan-MegRhythm-Steam-Eye-Mask-Goodnight-Neck-Pad-Thermal-Leg-Tummy-Patch-i.3272555.22973393406,KAO Japan MegRhythm Steam Eye Mask / Goodnight Neck Pad / Thermal Leg & Tummy Patch,,,https://down-sg.img.susercontent.com/file/m4qw8qbopmqfde_tn.webp,,14,Standard,検索/カテゴリー,,,,2025-09-12 12:23:25.303925,2025-09-12 12:23:25.303943
106,https://shopee.sg/-medicube-official-PDRN-Pink-Peptide-Serum-Glass-Glow-Skin-PDRN-Collagen-Brightening-for-Dark-Spots-i.140962220.27357759091,"[medicube official] PDRN Pink Peptide Serum - Glass Glow Skin, PDRN, Collagen, Brightening for Dark Spots",,,https://down-sg.img.susercontent.com/file/lza98flkfi3e1d_tn.webp,,39,Standard,検索/カテゴリー,,,,2025-09-12 12:23:25.305062,2025-09-12 12:23:25.305079
107,https://shopee.sg/10Pcs-set-Professional-Nail-Clipper-Set-Portable-Nail-Scissors-Stainless-Steel-Manicure-Pedicure-Tool-and-Earpick-Set-Fingernails-Toenails-Care-i.557703842.29368959258,10Pcs/set Professional Nail Clipper Set Portable Nail Scissors Stainless Steel Manicure Pedicure Tool and Earpick Set Fingernails Toenails Care,,,https://down-sg.img.susercontent.com/file/m2pajxwsmlfd53_tn.webp,,65,Standard,検索/カテゴリー,,,,2025-09-12 12:23:25.306031,2025-09-12 12:23:25.306048
108,https://shopee.sg/(JULIOLY-OFFICIAL-STORE)-Skincare-Serums-50ml-COCOMO-i.9641401.22456678511,(JULIOLY OFFICIAL STORE) Skincare Serums 50ml - COCOMO,,,https://down-sg.img.susercontent.com/file/lns7vifm569xa8_tn.webp,,26,Standard,検索/カテゴリー,,,,2025-09-12 12:23:25.307696,2025-09-12 12:23:25.307724
109,https://shopee.sg/mixshop-Sandalwood-Comb-Head-Massage-Meridian-Massage-Comb-Skin-Massage-Facial-massage-comb.-i.286076538.23062410691,"mixshop Sandalwood Comb, Head Massage, Meridian Massage Comb, Skin Massage, Facial massage comb.",,,https://down-sg.img.susercontent.com/file/m8493t5ite6t92_tn.webp,,50,Standard,検索/カテゴリー,,,,2025-09-12 12:23:25.309017,2025-09-12 12:23:25.309040
110,https://shopee.sg/MISS-DEAR-SALON-GRADE-COLOR-SHAMPOO-AND-HAIR-MASK-%E2%9D%A4%EF%B8%8F-HAIR-COLOR-LAST-LONGER-VIBRANT-COLOUR-SHAMPOO-i.9420081.2276855313,MISS DEAR SALON GRADE COLOR SHAMPOO AND HAIR MASK ❤️ HAIR COLOR LAST LONGER & VIBRANT COLOUR SHAMPOO,,,https://down-sg.img.susercontent.com/file/9a2870caa6bc507caeaa237570d76b42_tn.webp,,45,Standard,検索/カテゴリー,,,,2025-09-12 12:23:25.310501,2025-09-12 12:23:25.310533
111,https://shopee.sg/1-2-3Pcs-Eyebrow-Trimming-Knife-Eyebrow-Face-Razor-For-Women-Eyebrow-Scissors-With-Comb-Brow-Trimmer-Scraper-i.393469684.29954394796,1/2/3Pcs Eyebrow Trimming Knife Eyebrow Face Razor For Women Eyebrow Scissors With Comb Brow Trimmer Scraper,,,https://down-sg.img.susercontent.com/file/lx9dxbk1udsw4c_tn.webp,,65,Standard,検索/カテゴリー,,,,2025-09-12 12:23:25.312707,2025-09-12 12:23:25.312762
112,https://shopee.sg/SKIN1004-Centella-Duo-Cleanser-Set-Cleansing-Oil-200ml-Ampoule-Foam-125ml-i.322645596.6157897130,SKIN1004 [Centella Duo Cleanser Set] Cleansing Oil 200ml+Ampoule Foam 125ml,,,https://down-sg.img.susercontent.com/file/m1wjz5o5206u0d_tn.webp,,68,Standard,検索/カテゴリー,,,,2025-09-12 12:23:25.315128,2025-09-12 12:23:25.315163
113,https://shopee.sg/Beauty-of-Joseon-Relief-Sun-Rice-Probiotics-Aqua-Fresh-Rice-Probiotics-SPF50-PA-50ml-i.1111230332.24000409577,Beauty of Joseon Relief Sun: Rice + Probiotics | Aqua Fresh: Rice + Probiotics SPF50+ PA++++ 50ml,,,https://down-sg.img.susercontent.com/file/me9qtsq8a9s34d_tn.webp,,79,Standard,検索/カテゴリー,,,,2025-09-12 12:23:25.317201,2025-09-12 12:23:25.317228
114,https://shopee.sg/Gecomo-Professional-Makeup-Brush-Foundation-Setting-Powder-Concealer-Eye-Shadow-Brush-i.1006220784.23989641005,Gecomo Professional Makeup Brush Foundation Setting Powder Concealer Eye Shadow Brush,,,https://down-sg.img.susercontent.com/file/medtkwi6kn436f_tn.webp,,46,Standard,検索/カテゴリー,,,,2025-09-12 12:23:25.319927,2025-09-12 12:23:25.319950
115,https://shopee.sg/Scraping-Sand-Sheet-Resin-Facial-Massage-Stone-Lifting-Firming-Beauty-Massage-Tool-i.1006220784.24276037806,Scraping Sand Sheet Resin Facial Massage Stone Lifting Firming Beauty Massage Tool,,,https://down-sg.img.susercontent.com/file/mdibj480maxg45_tn.webp,,63,Standard,検索/カテゴリー,,,,2025-09-12 12:23:25.321255,2025-09-12 12:23:25.321280
116,https://shopee.sg/-ROUND-LAB-Official-Birch-Juice-Moisturizing-Sunscreen-50ml-i.1309878867.28756189252,[ROUND LAB Official] Birch Juice Moisturizing Sunscreen 50ml,,,https://down-sg.img.susercontent.com/file/mcfpkhwt4hujc2_tn.webp,,47,Standard,検索/カテゴリー,,,,2025-09-12 12:23:25.322522,2025-09-12 12:23:25.322540
117,https://shopee.sg/-PO-KIN-TONG-TCM-Hair-Tonic%E3%80%8A%E4%BF%9D%E5%81%A5%E5%A0%82%E3%80%8B%E5%8F%A4%E6%96%B9%E6%8A%A4%E5%8F%91%E6%B0%B4-(100ml)-i.1303074850.25033547181,[PO KIN TONG] TCM Hair Tonic《保健堂》古方护发水 (100ml),,,https://down-sg.img.susercontent.com/file/m5wj56a01ezb0b_tn.webp,,100,Standard,検索/カテゴリー,,,,2025-09-12 12:23:25.324188,2025-09-12 12:23:25.324207
118,https://shopee.sg/1Pc-Ice-Face-Roller-For-Face-De-Swelling-Massager-Contour-Reusable-And-Leak-Proof-i.1006220784.27911267933,"1Pc Ice Face Roller For Face De-Swelling Massager Contour, Reusable And Leak-Proof",,,https://down-sg.img.susercontent.com/file/medttz8kxk3m26_tn.webp,,45,Standard,検索/カテゴリー,,,,2025-09-12 12:23:25.325296,2025-09-12 12:23:25.325320
119,https://shopee.sg/Dove-Body-Wash-Beauty-Nourishing-Moisturising-Luxurious-Hydration-Silky-Smooth-Skin-1L-i.323430152.4860445363,"Dove Body Wash Beauty Nourishing / Moisturising Luxurious Hydration Silky Smooth Skin, 1L",,,https://down-sg.img.susercontent.com/file/mbn8wrmnawbe2c_tn.webp,,36,Standard,検索/カテゴリー,,,,2025-09-12 12:23:25.326902,2025-09-12 12:23:25.326940
120,https://shopee.sg/-Seapuri-Official-Scalpy-Hair-Growth-Serum-for-Hair-Loss-Thinning-Scalp-Massager-Treatment-w-Salicylic-Acid-Menthol-Dexpanthenol-Non-Greasy-Lightweight-Exfoliate-Dandruff-i.1021843590.27416150855,"[Seapuri Official] Scalpy Hair Growth Serum for Hair Loss & Thinning | Scalp Massager Treatment w/Salicylic Acid, Menthol, Dexpanthenol | Non-Greasy, Lightweight | Exfoliate Dandruff",,,https://down-sg.img.susercontent.com/file/mdlo4zr7cuu1ee_tn.webp,,62,Standard,検索/カテゴリー,,,,2025-09-12 12:23:25.328798,2025-09-12 12:23:25.328897
121,https://shopee.sg/SKINTIFIC-TWC-powder-9g-Ultra-Cover-Powder-Foundation-full-coverage-i.1414481946.29379246317,SKINTIFIC TWC powder 9g Ultra Cover Powder Foundation full coverage,,,https://down-sg.img.susercontent.com/file/me3q73dghudfd2_tn.webp,,61,Standard,検索/カテゴリー,,,,2025-09-12 12:23:25.331679,2025-09-12 12:23:25.331703
122,https://shopee.sg/-medicube-official-Deep-Vita-C-Pad-Vitamin-C-Toner-Pads-for-Uneven-Skin-Tone-500-000PPM-of-Vitamin-Water-Hydrating-i.140962220.23511193909,"[medicube official] Deep Vita C Pad - Vitamin C Toner Pads for Uneven Skin Tone,500,000PPM of Vitamin Water & Hydrating",,,https://down-sg.img.susercontent.com/file/m3u8wemfexnre6_tn.webp,,59,Standard,検索/カテゴリー,,,,2025-09-12 12:23:25.332791,2025-09-12 12:23:25.332807
123,https://shopee.sg/GECOMO-False-Eyelash-Tweezers-Safe-Stainless-Steel-Precision-i.1006220784.24169693064,GECOMO False Eyelash Tweezers Safe Stainless Steel Precision,,,https://down-sg.img.susercontent.com/file/mckgzracymnwb8_tn.webp,,42,Standard,検索/カテゴリー,,,,2025-09-12 12:23:25.333877,2025-09-12 12:23:25.333896
124,https://shopee.sg/Beauty-Of-Joseon-Relief-Sun-Aqua-Fresh-Rice-Probiotics-SPF50-PA-(50ml)-i.1111230332.28707244664,Beauty Of Joseon Relief Sun Aqua Fresh : Rice + Probiotics SPF50+ PA++++ (50ml),,,https://down-sg.img.susercontent.com/file/me9qxo5dxj436c_tn.webp,,79,Standard,検索/カテゴリー,,,,2025-09-12 12:23:25.335222,2025-09-12 12:23:25.335242
125,https://shopee.sg/Triangular-Round-Makeup-Powder-Puff-For-Wet-And-Dry-Use-Soft-Air-Cushion-Foundation-Portable-i.1006220784.25174340918,"Triangular Round Makeup Powder Puff For Wet And Dry Use, Soft Air Cushion Foundation, Portable",,,https://down-sg.img.susercontent.com/file/mdy05t9i9o1s89_tn.webp,,75,Standard,検索/カテゴリー,,,,2025-09-12 12:23:25.336284,2025-09-12 12:23:25.336301
126,https://shopee.sg/Jolicare-Cream-Herbal-Repair-For-Dry-Itchy-and-Sensitive-Skin-Baiki-Kulit-Kering-Gatal-dan-Sensitif-Herbal-Cream-i.827076794.23178487312,"Jolicare Cream - Herbal Repair For Dry Itchy and Sensitive Skin | Baiki Kulit Kering, Gatal, dan Sensitif | Herbal Cream",,,https://down-sg.img.susercontent.com/file/m3fc5l971tyff9_tn.webp,,26,Standard,検索/カテゴリー,,,,2025-09-12 12:23:25.337155,2025-09-12 12:23:25.337172
127,https://shopee.sg/Gecomo-3-Pack-Eyebrow-Trimmer-Safe-For-Beginners-Foldable-Suitable-For-All-Seasons-i.1006220784.25971897583,"Gecomo 3-Pack Eyebrow Trimmer, Safe For Beginners, Foldable, Suitable For All Seasons",,,https://down-sg.img.susercontent.com/file/m9gppqehq00y80_tn.webp,,65,Standard,検索/カテゴリー,,,,2025-09-12 12:23:25.337998,2025-09-12 12:23:25.338014
128,https://shopee.sg/PRIMUCELL-for-Hair-Therapy-Anti-Hair-Loss-Scalp-Care-Ampoule-(4weeks-care)-i.955339875.22945014684,"PRIMUCELL for Hair Therapy, Anti-Hair Loss & Scalp Care Ampoule (4weeks care)",,,https://down-sg.img.susercontent.com/file/lxkjkmei3ado19_tn.webp,,54,Standard,検索/カテゴリー,,,,2025-09-12 12:23:25.338880,2025-09-12 12:23:25.338896
129,https://shopee.sg/Moist-Diane-Perfect-Beauty-Hair-Shampoo-Treatment-450ml-%E3%80%90MOIST-DIANE-SHAMPOO-TREATMENT%E3%80%91-i.229780424.22028567167,Moist Diane Perfect Beauty Hair Shampoo / Treatment 450ml - 【MOIST DIANE SHAMPOO/TREATMENT】,,,https://down-sg.img.susercontent.com/file/lxfpv403bf1l7d_tn.webp,,38,Standard,検索/カテゴリー,,,,2025-09-12 12:23:25.340033,2025-09-12 12:23:25.340055
130,https://shopee.sg/Soft-Silicone-Shampoo-Brush-Cleans-And-Removes-Dandruff-Massages-The-Scalp-And-Relieves-Itching-i.1006220784.24971024888,"Soft Silicone Shampoo Brush Cleans And Removes Dandruff, Massages The Scalp And Relieves Itching",,,https://down-sg.img.susercontent.com/file/medtttby96o60e_tn.webp,,59,Standard,検索/カテゴリー,,,,2025-09-12 12:23:25.341184,2025-09-12 12:23:25.341214
131,https://shopee.sg/Portable-Floss-Dispenser-Automatic-Pop-Up-Dental-Floss-Storage-Box-Press-on-Disposable-Flossing-Sticks-Reusable-Floss-Toothpick-Container-Oral-Care-Tool-i.393469684.28103861925,Portable Floss Dispenser Automatic Pop-Up Dental Floss Storage Box Press-on Disposable Flossing Sticks Reusable Floss Toothpick Container Oral Care Tool,,,https://down-sg.img.susercontent.com/file/lx0tg2vw42an65_tn.webp,,54,Standard,検索/カテゴリー,,,,2025-09-12 12:23:25.342482,2025-09-12 12:23:25.342524
132,https://shopee.sg/Precision-Tweezers-Stainless-Steel-For-Eyebrows-Facial-Hair-Removal-Blackhead-Angled-Tips-i.1006220784.24574909016,Precision Tweezers Stainless Steel For Eyebrows Facial Hair Removal Blackhead Angled Tips,,,https://down-sg.img.susercontent.com/file/medtt55fgkqodb_tn.webp,,68,Standard,検索/カテゴリー,,,,2025-09-12 12:23:25.344126,2025-09-12 12:23:25.344156
133,https://shopee.sg/-BEST-SKIN1004-Madagascar-Centella-Hyalu-Cica-Water-Fit-Sun-Serum-SPF50-PA--i.322645596.19703489951,[BEST] SKIN1004 Madagascar Centella Hyalu-Cica Water-Fit Sun Serum SPF50+ PA++++,,,https://down-sg.img.susercontent.com/file/mee90gl5k9vl90_tn.webp,,64,Standard,検索/カテゴリー,,,,2025-09-12 12:23:25.345601,2025-09-12 12:23:25.345634
134,https://shopee.sg/-Add-on-Deals-SKINTIFIC-5X-Ceramide-Moisturiser-Facial-Soothing-Cream-Repair-Skin-Barrier-Reduce-Redness-Calms-Acne-i.973870035.23935452636,"[Add-on Deals] SKINTIFIC 5X Ceramide Moisturiser Facial Soothing Cream - Repair Skin Barrier, Reduce Redness, Calms Acne",,,https://down-sg.img.susercontent.com/file/me88s2k7yolf6a_tn.webp,,72,Standard,検索/カテゴリー,,,,2025-09-12 12:23:25.348715,2025-09-12 12:23:25.348733
135,https://shopee.sg/-NEW-500ML-Dixmondsg-Hair-Loss-Hair-Growth-Repair-Hair-Shampoo-Bundle-Set-Oily-Itchy-Dandruff-Sensitive-i.3423579.65255671,"[NEW 500ML] Dixmondsg Hair Loss Hair Growth & Repair Hair Shampoo Bundle Set - Oily Itchy, Dandruff, Sensitive",,,https://down-sg.img.susercontent.com/file/mbnlsjyw5jdi47_tn.webp,,500,Standard,検索/カテゴリー,,,,2025-09-12 12:23:25.350995,2025-09-12 12:23:25.351049
136,https://shopee.sg/Chiikawa-Talking-Plush-Series-Chiikawa-Hachiware-Usagi%E3%80%90Direct-from-Japan%E3%80%91-i.1477292245.26486227359?sp_atk=f1165298-6e25-4166-8e51-a065cf81a7ef&xptdk=f1165298-6e25-4166-8e51-a065cf81a7ef,Chiikawa Talking Plush Series Chiikawa/Hachiware/Usagi【Direct from Japan】,,,https://down-sg.img.susercontent.com/file/m9ttyfd9an1o30_tn.webp,,76,Standard,検索/カテゴリー,,,,2025-09-12 12:23:25.893013,2025-09-12 12:23:25.893027
137,https://shopee.sg/mofusand-Stinding-Plush-doll-Nyan-Series-Japan-NEW%E2%80%93-Official-Japan-i.1575179354.40658563301?sp_atk=60c34f3e-fb56-416f-a25d-fad2e733303a&xptdk=60c34f3e-fb56-416f-a25d-fad2e733303a,mofusand Stinding Plush doll Nyan Series Japan NEW– Official Japan,,,https://down-sg.img.susercontent.com/file/mckl6z7ufet3b0_tn.webp,,41,Standard,検索/カテゴリー,,,,2025-09-12 12:23:25.894897,2025-09-12 12:23:25.894916
138,https://shopee.sg/-Direct-from-Japan-Pokemon-Pair-Mascots-Japan-NEW-Pocket-Monster-i.515209354.29923803569?sp_atk=5b747a0f-b800-47a2-84c7-a94e039c7e44&xptdk=5b747a0f-b800-47a2-84c7-a94e039c7e44,[Direct from Japan] Pokemon Pair Mascots Japan NEW Pocket Monster,,,https://down-sg.img.susercontent.com/file/m54eirq5wde20b_tn.webp,,0,Standard,検索/カテゴリー,,,,2025-09-12 12:23:25.896699,2025-09-12 12:23:25.896721
139,https://shopee.sg/EPOCH-Sylvanian-Families-Amusement-Park-Shop-Dreamy-Princess-Mermaid-Shop-Direct-from-Japan-i.1401310386.26068700706?sp_atk=21477849-a318-4b05-bb36-f28a51de5954&xptdk=21477849-a318-4b05-bb36-f28a51de5954,EPOCH / Sylvanian Families Amusement Park Shop [Dreamy Princess Mermaid Shop] / Direct from Japan,,,https://down-sg.img.susercontent.com/file/m5wf3zpuiir83c_tn.webp,,39,Standard,検索/カテゴリー,,,,2025-09-12 12:23:25.898936,2025-09-12 12:23:25.898961
140,https://shopee.sg/Maywa-denki-Otamatone-(White)-i.994573118.22069279764?sp_atk=a20497c6-9260-40d8-9a3c-a90faede289d&xptdk=a20497c6-9260-40d8-9a3c-a90faede289d,Maywa denki Otamatone (White),,,https://down-sg.img.susercontent.com/file/m7397k5dapepd0_tn.webp,,37,Standard,検索/カテゴリー,,,,2025-09-12 12:23:25.900672,2025-09-12 12:23:25.900689
141,https://shopee.sg/Sekiguchi-Monchhichi-Premium-Standard-SS-Size-Brown-Girl-Sitting-Style-H14cm-CNY-Diwali-%E0%AE%A4%E0%AF%80%E0%AE%AA%E0%AE%BE%E0%AE%B5%E0%AE%B3%E0%AE%BF-Present-Hadir-%E0%AE%A4%E0%AE%B1%E0%AF%8D%E0%AE%AA%E0%AF%8B%E0%AE%A4%E0%AF%81-Plush-Toy-%E0%AE%AA%E0%AE%9F%E0%AF%8D%E0%AE%9F%E0%AF%81-%E0%AE%AA%E0%AF%86%E0%AE%BE%E0%AE%AE%E0%AF%8D%E0%AE%AE%E0%AF%88-Mainan-Mewah-i.680899906.21751591075?sp_atk=f2522b4b-ca92-4eb9-8003-e9dca32d1f96&xptdk=f2522b4b-ca92-4eb9-8003-e9dca32d1f96,Sekiguchi Monchhichi Premium Standard SS Size Brown Girl Sitting Style H14cm CNY Diwali  தீபாவளி Present  Hadir தற்போது Plush Toy பட்டு பொம்மை Mainan Mewah,,,https://down-sg.img.susercontent.com/file/44e3d65d8901f817bf3ae15c163327b2_tn.webp,,14,Standard,検索/カテゴリー,,,,2025-09-12 12:23:25.902002,2025-09-12 12:23:25.902018
142,https://shopee.sg/Pigeon-Softouch-Glass-Nursing-Wide-Neck-Bottle-160ml-240ml-Heat-Resistant-Glass-Direct-From-Japan-i.1081679833.29467258846?sp_atk=be66afbe-861b-4d04-8e16-c256b119ecb6&xptdk=be66afbe-861b-4d04-8e16-c256b119ecb6,Pigeon Softouch Glass Nursing Wide Neck Bottle 160ml / 240ml Heat-Resistant Glass Direct From Japan,,,https://down-sg.img.susercontent.com/file/m41j5b1la6fv3b_tn.webp,,160,Standard,検索/カテゴリー,,,,2025-09-12 12:23:25.903070,2025-09-12 12:23:25.903088
143,https://shopee.sg/Sekiguchi-Key-Chain-Big-Head-Monchhichi-SS-Size-Girl-H13.5cm-Diwali-%E0%AE%A4%E0%AF%80%E0%AE%AA%E0%AE%BE%E0%AE%B5%E0%AE%B3%E0%AE%BF-Present-Hadir-%E0%AE%A4%E0%AE%B1%E0%AF%8D%E0%AE%AA%E0%AF%8B%E0%AE%A4%E0%AF%81-Plush-Toy-%E0%AE%AA%E0%AE%9F%E0%AF%8D%E0%AE%9F%E0%AF%81-%E0%AE%AA%E0%AF%86%E0%AE%BE%E0%AE%AE%E0%AF%8D%E0%AE%AE%E0%AF%88-Mainan-Mewah-i.680899906.20481679088?sp_atk=1b15b9f1-ad4a-4ce6-8981-c0465f17d787&xptdk=1b15b9f1-ad4a-4ce6-8981-c0465f17d787,Sekiguchi Key Chain Big Head Monchhichi SS Size Girl H13.5cm Diwali  தீபாவளி Present  Hadir தற்போது Plush Toy பட்டு பொம்மை Mainan Mewah,,,https://down-sg.img.susercontent.com/file/lj2dqhm4gmsz91_tn.webp,,13,Standard,検索/カテゴリー,,,,2025-09-12 12:23:25.903983,2025-09-12 12:23:25.904000
144,https://shopee.sg/Dreams-Sanrio-characters-Stuffed-Posture-Pal-Toy-Doll-%E2%80%93-Hello-Kitty-Cinnamoroll-Kuromi-Pompompurin-My-Melody-Pochacco-Hangyodon-%E2%80%90-Direct-from-Japan-i.1295673595.26779107675?sp_atk=a4a330e3-dbe4-4089-ae65-0b8b9aa6b0a9&xptdk=a4a330e3-dbe4-4089-ae65-0b8b9aa6b0a9,"Dreams Sanrio characters Stuffed Posture Pal Toy Doll – Hello Kitty ,Cinnamoroll ,Kuromi ,Pompompurin ,My Melody ,Pochacco ,Hangyodon ‐ Direct from Japan",,,https://down-sg.img.susercontent.com/file/m8pqnz4xqe6x35_tn.webp,,0,Standard,検索/カテゴリー,,,,2025-09-12 12:23:25.904978,2025-09-12 12:23:25.905005
145,https://shopee.sg/Sekiguchi-Key-Chain-Big-Head-Monchhichi-SS-Size-Boy-H10cm-i.680899906.23673242522?sp_atk=58d1ccd0-f686-4c7d-a2b2-405f88ae5475&xptdk=58d1ccd0-f686-4c7d-a2b2-405f88ae5475,Sekiguchi Key Chain Big Head Monchhichi SS Size Boy H10cm,,,https://down-sg.img.susercontent.com/file/lj2ddtdbyp6oce_tn.webp,,10,Standard,検索/カテゴリー,,,,2025-09-12 12:23:25.906356,2025-09-12 12:23:25.906384
146,https://shopee.sg/BANDAI-Peanuts-Tamagotchi-Virtual-Pet-Toy-Snoopy-Design-Fun-Gift-for-Kids-Fans-i.263988144.42460231426?sp_atk=7b1ec74b-82b7-443e-b80c-e12a9c0cdb39&xptdk=7b1ec74b-82b7-443e-b80c-e12a9c0cdb39,"BANDAI Peanuts Tamagotchi, Virtual Pet Toy, Snoopy Design, Fun Gift for Kids & Fans",,,https://down-sg.img.susercontent.com/file/mcvoyjwcpo3kec_tn.webp,,0,Standard,検索/カテゴリー,,,,2025-09-12 12:23:25.907756,2025-09-12 12:23:25.907773
147,https://shopee.sg/Banpresto-BANDAI-Chiikawa-Talking-Plush-Series-%E2%80%93-Single-Variation-Options%E3%85%A4Direct-From-Japan-i.1126237814.28259441325?sp_atk=1fe652a1-3df6-4b64-bafa-21fc3e4067bc&xptdk=1fe652a1-3df6-4b64-bafa-21fc3e4067bc,Banpresto BANDAI Chiikawa Talking Plush Series – Single Variation OptionsㅤDirect From Japan,,,https://down-sg.img.susercontent.com/file/mcu7pyi805do3a_tn.webp,,83,Standard,検索/カテゴリー,,,,2025-09-12 12:23:25.909257,2025-09-12 12:23:25.909303
148,https://shopee.sg/%E3%80%90Direct-from-Japan%E3%80%91mofmofriends-Fluffy-Friends-Tenori-Mascot-Fluffy-TM111-6-(French-Bulldog)-mofmofriends-Fluffy-Friends-Tenori-Mascot-Fluffy-TM111-(Tanuki)-mofmofriends-Fluffy-Friends-Tenori-Mascot-Fluffy-TM111-(Fox)-mofmofriends-Fluffy-Friends-Tenori-Ma-i.1128072930.27365781137?sp_atk=e446f0df-3dab-444b-b396-ba5cf296046c&xptdk=e446f0df-3dab-444b-b396-ba5cf296046c,"【Direct from Japan】mofmofriends Fluffy Friends Tenori Mascot Fluffy TM111-6 (French Bulldog)
mofmofriends Fluffy Friends Tenori Mascot Fluffy TM111 (Tanuki)
mofmofriends Fluffy Friends Tenori Mascot Fluffy TM111 (Fox)
mofmofriends Fluffy Friends Tenori Ma",,,https://down-sg.img.susercontent.com/file/m1whdsf3u7j2fc_tn.webp,,111,Standard,検索/カテゴリー,,,,2025-09-12 12:23:25.910673,2025-09-12 12:23:25.910706
149,https://shopee.sg/Mofusand-Posture-Support-Plush-Pal-Funbaruzu-Stuffed-Toy-Shark-Cat-Shrimp-Cat-Direct-from-Japan-i.1401310386.27174651247?sp_atk=bdb3f62c-c37c-4a76-b5f8-e9f77bfd63c2&xptdk=bdb3f62c-c37c-4a76-b5f8-e9f77bfd63c2,"Mofusand / Posture Support Plush Pal ""Funbaruzu"" Stuffed Toy [Shark Cat / Shrimp Cat] / Direct from Japan",,,https://down-sg.img.susercontent.com/file/m5gp9d2smjxne5_tn.webp,,53,Standard,検索/カテゴリー,,,,2025-09-12 12:23:25.913283,2025-09-12 12:23:25.913308
150,https://shopee.sg/Sekiguchi-Chimutan-Standard-S-Size-H24cm-CNY-Diwali-%E0%AE%A4%E0%AF%80%E0%AE%AA%E0%AE%BE%E0%AE%B5%E0%AE%B3%E0%AE%BF-Present-Hadir-%E0%AE%A4%E0%AE%B1%E0%AF%8D%E0%AE%AA%E0%AF%8B%E0%AE%A4%E0%AF%81-Plush-Toy-%E0%AE%AA%E0%AE%9F%E0%AF%8D%E0%AE%9F%E0%AF%81-%E0%AE%AA%E0%AF%86%E0%AE%BE%E0%AE%AE%E0%AF%8D%E0%AE%AE%E0%AF%88-Mainan-Mewah-i.680899906.12287009581?sp_atk=b2edc9fd-4b9b-4c38-bda7-b0b10774b19d&xptdk=b2edc9fd-4b9b-4c38-bda7-b0b10774b19d,Sekiguchi Chimutan Standard S Size H24cm CNY Diwali  தீபாவளி Present  Hadir தற்போது Plush Toy பட்டு பொம்மை Mainan Mewah,,,https://down-sg.img.susercontent.com/file/468e3bcb4cb67c9aafac69645cdf8089_tn.webp,,24,Standard,検索/カテゴリー,,,,2025-09-12 12:23:25.915084,2025-09-12 12:23:25.915109
151,https://shopee.sg/Mama-Kids-Additive-free-Baby-Body-Shampoo-460ml-Refill-Baby-Hair-Shampoo-370ml-Refill-i.1191340556.29603560802?sp_atk=3a2dd579-b13a-4421-99d8-001cbdc28a9d&xptdk=3a2dd579-b13a-4421-99d8-001cbdc28a9d,"Mama&Kids Additive-free Baby Body Shampoo 460ml, Refill / Baby Hair Shampoo 370ml, Refill",,,https://down-sg.img.susercontent.com/file/lwvj9me8r8i20d_tn.webp,,460,Standard,検索/カテゴリー,,,,2025-09-12 12:23:25.916794,2025-09-12 12:23:25.916819
152,https://shopee.sg/-Direct-from-Japan-Pocket-Monster-Pok%C3%A9mon-Snooze-Friend-Plushie-S-Sylveon-plushie-width-approximately-27-cm.-i.1355588211.28632477178?sp_atk=bb253571-ddff-4fab-acaf-65c4f36a9f91&xptdk=bb253571-ddff-4fab-acaf-65c4f36a9f91,"[Direct from Japan]
Pocket Monster Pokémon Snooze Friend Plushie S Sylveon, plushie width approximately 27 cm.",,,https://down-sg.img.susercontent.com/file/m8bcj3jbxqcpc2_tn.webp,,0,Standard,検索/カテゴリー,,,,2025-09-12 12:23:25.918187,2025-09-12 12:23:25.918209
153,https://shopee.sg/%E3%80%90Direct-from-Japan%E3%80%91My-First-Sylvanian-Families-House-Sylvanian-Families-i.1564613339.27338192691?sp_atk=481e9952-cb54-4284-9501-b219651b4202&xptdk=481e9952-cb54-4284-9501-b219651b4202,【Direct from Japan】My First Sylvanian Families / House / Sylvanian Families,,,https://down-sg.img.susercontent.com/file/mbn7vgnaimom14_tn.webp,,70,Standard,検索/カテゴリー,,,,2025-09-12 12:23:25.919368,2025-09-12 12:23:25.919385
154,https://shopee.sg/%E3%80%90Direct-from-Japan%E3%80%91Wout-Boccia-Supervised-by-Certified-Senior-Para-Sports-Instructors-Exciting-Boccia-Boccia-Set-i.1477292245.26530934996?sp_atk=26fed12b-10bd-48ba-b661-dbb12dd4b790&xptdk=26fed12b-10bd-48ba-b661-dbb12dd4b790,【Direct from Japan】Wout Boccia [Supervised by Certified Senior Para Sports Instructors] Exciting Boccia Boccia Set,,,https://down-sg.img.susercontent.com/file/m7thep8k7eyg11_tn.webp,,98,Standard,検索/カテゴリー,,,,2025-09-12 12:23:25.920469,2025-09-12 12:23:25.920496
155,https://shopee.sg/Mama-Kids-Additive-free-Baby-Milky-Cream-75g-Milky-Lotion-150ml-380ml-i.1191340556.25182630560?sp_atk=d56644bf-0a0e-4f43-b60d-b3dae6ab3e08&xptdk=d56644bf-0a0e-4f43-b60d-b3dae6ab3e08,Mama&Kids Additive-free Baby Milky Cream 75g / Milky Lotion 150ml / 380ml,,,https://down-sg.img.susercontent.com/file/lwwgjgkgoeqn58_tn.webp,,75,Standard,検索/カテゴリー,,,,2025-09-12 12:23:25.921882,2025-09-12 12:23:25.921901
156,https://shopee.sg/Sekiguchi-Monchhichi-Premium-Standard-S-Size-Brown-Girl-H21.5cm-CNY-Xmasgiftideas-Krismas-%E0%AE%95%E0%AE%BF%E0%AE%B1%E0%AE%BF%E0%AE%B8%E0%AF%8D%E0%AE%A4%E0%AF%81%E0%AE%AE%E0%AE%B8%E0%AF%8D-Present-Hadir-%E0%AE%A4%E0%AE%B1%E0%AF%8D%E0%AE%AA%E0%AF%8B%E0%AE%A4%E0%AF%81-Xmas-Gift-Plush-Toy-%E0%AE%AA%E0%AE%9F%E0%AF%8D%E0%AE%9F%E0%AF%81-%E0%AE%AA%E0%AF%86%E0%AE%BE%E0%AE%AE%E0%AF%8D%E0%AE%AE%E0%AF%88-Mainan-Mewah-i.680899906.17718274928?sp_atk=25098ec9-322d-4292-aa2a-4d0ff32d20c6&xptdk=25098ec9-322d-4292-aa2a-4d0ff32d20c6,Sekiguchi Monchhichi Premium Standard S Size Brown Girl H21.5cm CNY Xmasgiftideas Krismas கிறிஸ்துமஸ் Present  Hadir தற்போது Xmas Gift Plush Toy பட்டு பொம்மை Mainan Mewah,,,https://down-sg.img.susercontent.com/file/1edbe180d4c938d2e7ed6a8a94d7193c_tn.webp,,21,Standard,検索/カテゴリー,,,,2025-09-12 12:23:25.923099,2025-09-12 12:23:25.923117
157,https://shopee.sg/Morinaga-E-Baby-Large-Can-800g-0-months-to-1-year-old-newborn-powdered-milk-Lactoferrin-3-types-of-i.1521461211.41910461475?sp_atk=9bde52ca-0ceb-4521-9145-c3a1408c82dc&xptdk=9bde52ca-0ceb-4521-9145-c3a1408c82dc,Morinaga E Baby Large Can 800g [0 months to 1 year old newborn powdered milk] Lactoferrin 3 types of,,,https://down-sg.img.susercontent.com/file/mcnlgnvxz2ee26_tn.webp,,800,Standard,検索/カテゴリー,,,,2025-09-12 12:23:25.924993,2025-09-12 12:23:25.925016
158,https://shopee.sg/Mofusand-Sushi-like-Cat-Mascot-3type(Negitoro-Salmon-Shrimp)-Direct-from-Japan--i.1289587467.28676323419?sp_atk=2a670c7c-b1c3-4b4d-b6d3-af9e5806d72a&xptdk=2a670c7c-b1c3-4b4d-b6d3-af9e5806d72a,Mofusand Sushi-like Cat Mascot 3type(Negitoro/Salmon/Shrimp)[Direct from Japan],,,https://down-sg.img.susercontent.com/file/m6asvwjxbpezb0_tn.webp,,3,Standard,検索/カテゴリー,,,,2025-09-12 12:23:25.926145,2025-09-12 12:23:25.926172
159,https://shopee.sg/Sale-Poled-airluv.%EF%BC%884-4-3%EF%BC%89-Donut-Baby-stroller-cooling-fan-sheet-baby-stroller-accessory-ice-cushion-ice-bead-cooler(Direct-from-Japan)-i.219170680.28251809135?sp_atk=7cc93f9c-ce05-46de-a383-81e14bd35e62&xptdk=7cc93f9c-ce05-46de-a383-81e14bd35e62,Sale - Poled airluv.（4+/4/3）| Donut Baby stroller cooling fan sheet baby stroller accessory ice cushion ice bead cooler(Direct from Japan),,,https://down-sg.img.susercontent.com/file/mdedwmr92ebkfc_tn.webp,,0,Standard,検索/カテゴリー,,,,2025-09-12 12:23:25.927372,2025-09-12 12:23:25.927390
160,https://shopee.sg/Mofusand-mofumofu-Mascot-(Journey-Detective-Cat-Royal-Guard-Meow-cat)-Direct-from-Japan--i.1289587467.27435008523?sp_atk=7893001e-7bca-453a-847b-938f45ec301e&xptdk=7893001e-7bca-453a-847b-938f45ec301e,Mofusand mofumofu Mascot (Journey Detective Cat /Royal Guard Meow cat)[Direct from Japan],,,https://down-sg.img.susercontent.com/file/m91c1evr1giv5a_tn.webp,,43,Standard,検索/カテゴリー,,,,2025-09-12 12:23:25.929318,2025-09-12 12:23:25.929340
161,https://shopee.sg/Sylvanian-Families-House-Big-House-with-Red-Roof-Secret-Room-in-the-Attic-H51-ST-Mark-Certified-Toy-Dollhouse-for-ages-3-and-up-EPOCH-i.742143479.27066921932?sp_atk=1b093028-7ef7-43ae-af3e-db34097622d5&xptdk=1b093028-7ef7-43ae-af3e-db34097622d5,Sylvanian Families House [Big House with Red Roof -Secret Room in the Attic-] H51 ST Mark Certified Toy Dollhouse for ages 3 and up EPOCH,,,https://down-sg.img.susercontent.com/file/m2brboxzq56o0a_tn.webp,,51,Standard,検索/カテゴリー,,,,2025-09-12 12:23:25.931010,2025-09-12 12:23:25.931036
162,https://shopee.sg/Sylvanian-Families-Dolls-and-Furniture-Set-Deer-Baby-Water-Side-Best-Friends-Swing-Set-FS-56-i.1252679544.26700459277?sp_atk=5591c293-f129-491b-98c0-264e6f5cdbc3&xptdk=5591c293-f129-491b-98c0-264e6f5cdbc3,"Sylvanian Families Dolls and Furniture Set ""Deer Baby - Water Side Best Friends Swing Set -"" FS-56",,,https://down-sg.img.susercontent.com/file/lviwfebkdpte37_tn.webp,,56,Standard,検索/カテゴリー,,,,2025-09-12 12:23:25.932914,2025-09-12 12:23:25.932935
163,https://shopee.sg/Direct-from-Japan-Pants-Super-Big-Size-OyasumiMan-Boys'-Nighttime-Pants-Diapers-(18~35kg)-12pcs.-i.1128337125.25305385225?sp_atk=969c366c-cd9f-4ecc-b656-96c5fc00d11c&xptdk=969c366c-cd9f-4ecc-b656-96c5fc00d11c,Direct from Japan] [Pants Super Big Size] OyasumiMan Boys' Nighttime Pants Diapers (18~35kg) 12pcs.,,,https://down-sg.img.susercontent.com/file/lq5vp5og71c4c8_tn.webp,,18,Standard,検索/カテゴリー,,,,2025-09-12 12:23:25.934280,2025-09-12 12:23:25.934298
164,https://shopee.sg/Wakodo-Follow-up-Milk-Gungun-Powdered-Milk-For-9-Months-to-3-Years-Old-830g-x-1-or-2-Can-Pack-or-4-Can-Pack-%E3%80%90Direct-from-Japan%E3%80%91-i.1101404558.24885358677?sp_atk=089c9b97-ceeb-4a7d-86f4-037092679a96&xptdk=089c9b97-ceeb-4a7d-86f4-037092679a96,Wakodo Follow-up Milk Gungun Powdered Milk [For 9 Months to 3 Years Old] 830g x 1 or 2 Can Pack or 4 Can Pack 【Direct from Japan】,,,https://down-sg.img.susercontent.com/file/m79iqhq2n97c59_tn.webp,,9,Standard,検索/カテゴリー,,,,2025-09-12 12:23:25.935654,2025-09-12 12:23:25.935681
165,https://shopee.sg/%F0%9F%91%B6%F0%9F%8F%BBKeratta-u-sling-mesh-baby-sling-comfortable-even-for-sweaty-babies-6-ways-to-carry-baby-side-carry-can-be-used-from-newborn-14-types-in-total-mesh-material-type-100-cotton-material-type%E3%80%90DirectFromJapan%E3%80%91-i.1291674449.24837296031?sp_atk=c2c39f8a-dd3e-44ef-858c-eb8c7e9cbe27&xptdk=c2c39f8a-dd3e-44ef-858c-eb8c7e9cbe27,"👶🏻Keratta u-sling mesh baby sling, comfortable even for sweaty babies, 6 ways to carry baby, side-carry, can be used from newborn, 14 types in total, mesh material type, 100% cotton material type【DirectFromJapan】",,,https://down-sg.img.susercontent.com/file/m1lddszsjmt9f4_tn.webp,,0,Standard,検索/カテゴリー,,,,2025-09-12 12:23:25.936631,2025-09-12 12:23:25.936650
166,https://shopee.sg/Pampers-Nighttime-Pants-for-Big-and-Larger-Sizes-(15-28-kg)-22-36-Count-From-JAPAN--i.1126058439.24790107904?sp_atk=f1443f78-9a09-41c8-9736-65ad8156d127&xptdk=f1443f78-9a09-41c8-9736-65ad8156d127,Pampers Nighttime Pants for Big and Larger Sizes (15-28 kg) - 22/36 Count [From JAPAN],,,https://down-sg.img.susercontent.com/file/m7xp2lzp75b614_tn.webp,,15,Standard,検索/カテゴリー,,,,2025-09-12 12:23:25.937529,2025-09-12 12:23:25.937551
167,https://shopee.sg/-Direct-from-Japan-Sekiguchi-Plush-doll-Moko-Moko-Sweet-Brown-Monchhichi-Japan-NEW-i.515209354.44409059953?sp_atk=a0f07c32-c110-45d7-babf-4a64567253d5&xptdk=a0f07c32-c110-45d7-babf-4a64567253d5,[Direct from Japan] Sekiguchi Plush doll Moko Moko Sweet Brown Monchhichi Japan NEW,,,https://down-sg.img.susercontent.com/file/mccyu1zp0fapc3_tn.webp,,0,Standard,検索/カテゴリー,,,,2025-09-12 12:23:25.938400,2025-09-12 12:23:25.938425
168,https://shopee.sg/-authentic-product-Sanrio-Chibi-Kawa-Character-Holder-Collection-Direct-from-Japan--i.965860373.43605669005?sp_atk=354e6e88-fda4-498f-baff-78c4efa198d2&xptdk=354e6e88-fda4-498f-baff-78c4efa198d2,"[authentic product]
Sanrio Chibi-Kawa Character Holder Collection[Direct from Japan]",,,https://down-sg.img.susercontent.com/file/mbckqlgvd9t577_tn.webp,,42,Standard,検索/カテゴリー,,,,2025-09-12 12:23:25.939314,2025-09-12 12:23:25.939351
169,https://shopee.sg/SHOBIDO-Sanrio-Makeup-Palette-Set-(My-Melody-Kuromi)-%E2%80%93-Washable-with-Soap-%E2%80%93-Kids-Cosmetic%E3%80%90Direct-From-Japan%E3%80%91-i.1473997856.43102893171?sp_atk=69dc5d3f-4404-460a-8a2f-2303798273b2&xptdk=69dc5d3f-4404-460a-8a2f-2303798273b2,SHOBIDO Sanrio Makeup Palette Set (My Melody & Kuromi) – Washable with Soap – Kids Cosmetic【Direct From Japan】,,,https://down-sg.img.susercontent.com/file/mbunkx8t9a8sfe_tn.webp,,49,Standard,検索/カテゴリー,,,,2025-09-12 12:23:25.940807,2025-09-12 12:23:25.940838
170,https://shopee.sg/-Pre-Order-Now!-Aug-9-Release!-Sylvanian-Families-Epoch-Vehicles-Captain-Seal's-Exciting-Boat-Set-i.1126486844.41611269826?sp_atk=dfa9915a-3004-41fe-b63e-3614e692118d&xptdk=dfa9915a-3004-41fe-b63e-3614e692118d,[Pre-Order Now! Aug 9 Release!]Sylvanian Families Epoch Vehicles Captain Seal's Exciting Boat Set,,,https://down-sg.img.susercontent.com/file/mcxfhsffwb95df_tn.webp,,9,Standard,検索/カテゴリー,,,,2025-09-12 12:23:25.941932,2025-09-12 12:23:25.941954
171,https://shopee.sg/%F0%9F%8C%B8Direct-from-Japan-Selected-Japanese-ProductsPigeon-hand-cleaning-wipesSelected-limited-quantities-i.1555793148.40861348841?sp_atk=c865f871-f320-48ed-88ad-3ea2c8afc5d8&xptdk=c865f871-f320-48ed-88ad-3ea2c8afc5d8,🌸Direct from Japan  Selected Japanese ProductsPigeon hand cleaning wipesSelected limited quantities,,,https://down-sg.img.susercontent.com/file/mcyldo2wdujq73_tn.webp,,30,Standard,検索/カテゴリー,,,,2025-09-12 12:23:25.943062,2025-09-12 12:23:25.943088
172,https://shopee.sg/Morinaga-E-Baby-Large-Can-800g-0-months-to-1-year-old-newborn-powdered-milk-Lactoferrin-3-types-of-i.1586865583.40410104633?sp_atk=dc722abf-980c-44cf-8857-72dda4eff578&xptdk=dc722abf-980c-44cf-8857-72dda4eff578,Morinaga E Baby Large Can 800g [0 months to 1 year old newborn powdered milk] Lactoferrin 3 types of,,,https://down-sg.img.susercontent.com/file/mcktkrdm1oakc5_tn.webp,,800,Standard,検索/カテゴリー,,,,2025-09-12 12:23:25.944370,2025-09-12 12:23:25.944393
173,https://shopee.sg/Love-Happy-Angel-Monchhichi-S-Size-Girl-21.5cm-i.680899906.29856849290?sp_atk=c675d4c0-3b54-4da4-9e2c-ca2904f2f191&xptdk=c675d4c0-3b54-4da4-9e2c-ca2904f2f191,Love Happy Angel Monchhichi S Size Girl 21.5cm,,,https://down-sg.img.susercontent.com/file/lyg86h687tt6af_tn.webp,,21,Standard,検索/カテゴリー,,,,2025-09-12 12:23:25.946337,2025-09-12 12:23:25.946392
174,https://shopee.sg/-BIG-Size-Dreams-Posture-Pal-Stuffed-Toy-Doll-Koala-Sloth-Shiba-Penguin-i.485163070.29853582288?sp_atk=54bc55d5-fa2b-4e8f-9ff1-3a35eadb1524&xptdk=54bc55d5-fa2b-4e8f-9ff1-3a35eadb1524,[BIG Size] Dreams Posture Pal Stuffed Toy Doll Koala Sloth Shiba Penguin,,,https://down-sg.img.susercontent.com/file/lwwba4quujbc16_tn.webp,,0,Standard,検索/カテゴリー,,,,2025-09-12 12:23:25.948492,2025-09-12 12:23:25.948527
175,https://shopee.sg/Always-Together-Cheer-for-Me!-Chatty-Chiikawa-for-Ages-6-and-Up-BANDAI-Listen-and-Shout-a-Lot!-Chatty-Rabbit-for-Ages-6-and-Up-I-Will-Respond!-Super-Chatty-Hachiware-BANDAI-Completely-Adorable-Chatty-Flying-Squirrel-Winner-of-Japan-Toy-Awards-i.1289616839.29363918610?sp_atk=5f22f311-a518-452e-8f35-db51d9573d99&xptdk=5f22f311-a518-452e-8f35-db51d9573d99,"Always Together Cheer for Me! Chatty Chiikawa for Ages 6 and Up  
[BANDAI] Listen and Shout a Lot! Chatty Rabbit for Ages 6 and Up  
I Will Respond! Super Chatty Hachiware  
[BANDAI] Completely Adorable Chatty Flying Squirrel - Winner of Japan Toy Awards",,,https://down-sg.img.susercontent.com/file/mdv413scwfk3a3_tn.webp,,6,Standard,検索/カテゴリー,,,,2025-09-12 12:23:25.950253,2025-09-12 12:23:25.950278
176,https://shopee.sg/Peter-Rabbit-Plush-Toy-Eco-Bag-Flower-i.550391962.29238379718?sp_atk=bc41a3be-1253-49eb-ac7f-601e56db6ada&xptdk=bc41a3be-1253-49eb-ac7f-601e56db6ada,Peter Rabbit Plush Toy Eco-Bag Flower,,,https://down-sg.img.susercontent.com/file/mbtpfxhynt71c6_tn.webp,,0,Standard,検索/カテゴリー,,,,2025-09-12 12:23:25.952554,2025-09-12 12:23:25.952578
177,https://shopee.sg/Toyco-Sound-Train-E235-Series-Yamanote-Line-%E2%80%93-30-Station-Announcements-Lights-Doors-Japan-Toy-i.1127286476.27981500439?sp_atk=df78ae68-fc39-4f72-91fc-6f6d72d8f842&xptdk=df78ae68-fc39-4f72-91fc-6f6d72d8f842,"Toyco Sound Train E235 Series Yamanote Line – 30 Station Announcements, Lights & Doors, Japan Toy",,,https://down-sg.img.susercontent.com/file/m80w6an3389u7c_tn.webp,,235,Standard,検索/カテゴリー,,,,2025-09-12 12:23:25.953840,2025-09-12 12:23:25.953857
178,https://shopee.sg/Wakodo-Follow-up-Milk-Gungun-Powdered-Milk-Around-9-months-old-to-3-years-old-Baby-Milk-Contains-Iron-Calcium-and-DHA-i.1469038046.27739484991?sp_atk=8f0264c6-5e77-4301-8817-f11bcfc9191c&xptdk=8f0264c6-5e77-4301-8817-f11bcfc9191c,"Wakodo Follow-up Milk Gungun Powdered Milk [Around 9 months old to 3 years old] Baby Milk Contains Iron, Calcium, and DHA",,,https://down-sg.img.susercontent.com/file/md0gfu341drt19_tn.webp,,9,Standard,検索/カテゴリー,,,,2025-09-12 12:23:25.955215,2025-09-12 12:23:25.955234
179,https://shopee.sg/Sylvanian-Families-Amusement-Park-Shop-Pop!-Pop!-Popcorn-Cycle-Direct-from-Japan-i.1401310386.27382223279?sp_atk=72af2d63-f8a2-4616-b361-27130bb8eca9&xptdk=72af2d63-f8a2-4616-b361-27130bb8eca9,Sylvanian Families / Amusement Park Shop Pop! Pop! Popcorn Cycle / Direct from Japan,,,https://down-sg.img.susercontent.com/file/m88ssptcsjrp53_tn.webp,,35,Standard,検索/カテゴリー,,,,2025-09-12 12:23:25.956387,2025-09-12 12:23:25.956405
180,https://shopee.sg/-direct-from-Japan-EPOCH-1000-Piece-Jigsaw-Puzzle-Demon-Slayer-Kimetsu-no-Yaiba-Puzzle-Decoration-Vol.-1-(50%C3%9775cm)-97-201s-with-Glue-Spatula-and-Decoration-Parts-i.1477292245.27280181927?sp_atk=08481df5-6585-475c-8e61-9a490981df10&xptdk=08481df5-6585-475c-8e61-9a490981df10,"[direct from Japan]EPOCH 1000-Piece Jigsaw Puzzle Demon Slayer: Kimetsu no Yaiba Puzzle Decoration Vol. 1 (50×75cm) 97-201s with Glue, Spatula, and Decoration Parts",,,https://down-sg.img.susercontent.com/file/m7jgtvx0ugmhae_tn.webp,,1000,Standard,検索/カテゴリー,,,,2025-09-12 12:23:25.958261,2025-09-12 12:23:25.958278
181,https://shopee.sg/Sekiguchi-My-chhichi-revival-Mychhichi-Girl-i.680899906.26331674584?sp_atk=8b224d02-84af-4467-b811-6ea8535b73dc&xptdk=8b224d02-84af-4467-b811-6ea8535b73dc,Sekiguchi My chhichi revival Mychhichi Girl,,,https://down-sg.img.susercontent.com/file/m82zk1lkdxnb9b_tn.webp,,46,Standard,検索/カテゴリー,,,,2025-09-12 12:23:25.959226,2025-09-12 12:23:25.959243
182,https://shopee.sg/-NEW-Sea-creatures-Regular-Size-Dreams-Posture-Pal-Stuffed-Toy-Doll-Lobster-Sea-Turtle-Whale-Walrus-Sloth-Bunny-Cat-Shiba-Hedgehog-Panda-Penguin-Seal-Otter-Axolotl-i.485163070.26003594233?sp_atk=a60eb586-88e3-4bdb-808a-0f641b5c9eb2&xptdk=a60eb586-88e3-4bdb-808a-0f641b5c9eb2,[NEW Sea creatures][Regular Size]Dreams Posture Pal Stuffed Toy Doll Lobster Sea Turtle Whale Walrus Sloth Bunny Cat Shiba Hedgehog Panda Penguin Seal Otter Axolotl,,,https://down-sg.img.susercontent.com/file/mcagh0jkgwmv79_tn.webp,,0,Standard,検索/カテゴリー,,,,2025-09-12 12:23:25.960250,2025-09-12 12:23:25.960266
183,https://shopee.sg/MO92901-Rilakkuma-Wonderful-House-Mini-Plush-Toy-Kiiroitori-i.1252679544.25292559130?sp_atk=54e5adba-92d8-4362-8a04-ccb12ad65fb0&xptdk=54e5adba-92d8-4362-8a04-ccb12ad65fb0,MO92901 Rilakkuma Wonderful House Mini Plush Toy Kiiroitori,,,https://down-sg.img.susercontent.com/file/m794at7mbrw0ca_tn.webp,,92901,Standard,検索/カテゴリー,,,,2025-09-12 12:23:25.961271,2025-09-12 12:23:25.961298
184,https://shopee.sg/Pocket-Monsters-Pok%C3%A9mon-Gacha-Machine-i.1453908810.24544425933?sp_atk=d0f6e37e-08fd-4426-8adc-4600482d03d7&xptdk=d0f6e37e-08fd-4426-8adc-4600482d03d7,Pocket Monsters Pokémon Gacha Machine,,,https://down-sg.img.susercontent.com/file/m8vzhpt86hsy52_tn.webp,,0,Standard,検索/カテゴリー,,,,2025-09-12 12:23:25.963365,2025-09-12 12:23:25.963421
185,https://shopee.sg/-Direct-from-Japan-Sylvanian-Families-Preschool-Playset-Collection-i.1355441497.24442569888?sp_atk=472842d1-7957-4edc-81f8-022a72696cc6&xptdk=472842d1-7957-4edc-81f8-022a72696cc6,"[Direct from Japan]
Sylvanian Families Preschool Playset Collection",,,https://down-sg.img.susercontent.com/file/m79rura71fjl32_tn.webp,,28,Standard,検索/カテゴリー,,,,2025-09-12 12:23:25.965145,2025-09-12 12:23:25.965174
186,https://shopee.sg/Mama-Kids-Baby-Full-Body-Shampoo-460-ml-(16.2-fl-oz)-Hypoallergenic-Skin-Care-Additive-free-fragrance-free-newborn-baby-Foam-Type-weak-acid-free-hypoallergenic-paraben-free-alcohol-(ethanol)-free-mineral-oil-free-Direct-from-Japan--i.1051022030.22280121381?sp_atk=58f7df72-fc44-4f18-81c0-ae4d88c5f409&xptdk=58f7df72-fc44-4f18-81c0-ae4d88c5f409,"Mama & Kids Baby Full Body Shampoo, 460 ml (16.2 fl oz) Hypoallergenic Skin Care Additive-free, fragrance-free, newborn baby Foam Type weak acid-free hypoallergenic, paraben-free, alcohol (ethanol) free, mineral oil free [Direct from Japan]",,,https://down-sg.img.susercontent.com/file/lllfvudzjqck33_tn.webp,,0,Standard,検索/カテゴリー,,,,2025-09-12 12:23:25.966869,2025-09-12 12:23:25.966888
187,https://shopee.sg/Sekiguchi-Monchhichi-Wedding-Mascot-Set-Japanese-Style(Display-Box-Size-H13.5xW17.0xD12.5cm)-Xmasgiftideas-Krismas-%E0%AE%95%E0%AE%BF%E0%AE%B1%E0%AE%BF%E0%AE%B8%E0%AF%8D%E0%AE%A4%E0%AF%81%E0%AE%AE%E0%AE%B8%E0%AF%8D-Present-Hadir-%E0%AE%A4%E0%AE%B1%E0%AF%8D%E0%AE%AA%E0%AF%8B%E0%AE%A4%E0%AF%81-Xmas-Gift-Plush-Toy-%E0%AE%AA%E0%AE%9F%E0%AF%8D%E0%AE%9F%E0%AF%81-%E0%AE%AA%E0%AF%86%E0%AE%BE%E0%AE%AE%E0%AF%8D%E0%AE%AE%E0%AF%88-Mainan-Mewah-Kasal-Perkahwinan-%E0%AE%A4%E0%AE%BF%E0%AE%B0%E0%AF%81%E0%AE%AE%E0%AE%A3%E0%AE%AE%E0%AF%8D-i.680899906.17318349247?sp_atk=610d65f0-e451-48cf-8bdb-7cc20a877d04&xptdk=610d65f0-e451-48cf-8bdb-7cc20a877d04,Sekiguchi Monchhichi Wedding Mascot Set Japanese Style(Display Box Size H13.5xW17.0xD12.5cm) Xmasgiftideas Krismas கிறிஸ்துமஸ் Present  Hadir தற்போது Xmas Gift Plush Toy பட்டு பொம்மை Mainan Mewah Kasal Perkahwinan திருமணம்,,,https://down-sg.img.susercontent.com/file/4d5f2e549133fab59b09465c3251aeb4_tn.webp,,13,Standard,検索/カテゴリー,,,,2025-09-12 12:23:25.968386,2025-09-12 12:23:25.968411
188,https://shopee.sg/Meiji-Milk-Powder-STEP-Easy-Cube-for-1-3-year-old!-Raku-Raku-Cube-(28g%C3%9720pack-28g%C3%9760pack)-Very-convenient-for-Going-out-Travel!%E3%80%90Direct-from-Japan%E3%80%91-i.414610423.12528171373?sp_atk=514afc18-532a-4bd8-9f8b-8e966f87cdb0&xptdk=514afc18-532a-4bd8-9f8b-8e966f87cdb0,"Meiji Milk Powder STEP Easy Cube for 1-3 year old! Raku Raku Cube (28g×20pack, 28g×60pack), Very convenient for Going out, Travel!【Direct from Japan】",,,https://down-sg.img.susercontent.com/file/lop4f7wvm8ab96_tn.webp,,1,Standard,検索/カテゴリー,,,,2025-09-12 12:23:25.969580,2025-09-12 12:23:25.969596
189,https://shopee.sg/Pok%C3%A9mon-Center-Original-Pok%C3%A9mon-Dolls-Dragonite-i.1252679544.44452126057?sp_atk=cc9ee66c-b122-4476-b817-a2e8781d9618&xptdk=cc9ee66c-b122-4476-b817-a2e8781d9618,Pokémon Center Original Pokémon Dolls: Dragonite,,,https://down-sg.img.susercontent.com/file/ma6xwh5bnmpv0a_tn.webp,,30,Standard,検索/カテゴリー,,,,2025-09-12 12:23:25.970515,2025-09-12 12:23:25.970532
190,https://shopee.sg/-Direct-from-Japan-EPOCH-Sylvanian-Families-Store-Limited-Baby-Trio-Flower-Dress-Japan-NEW-i.515209354.44352496963?sp_atk=848d0955-7420-4fbd-9ee9-9db95043e89e&xptdk=848d0955-7420-4fbd-9ee9-9db95043e89e,[Direct from Japan] EPOCH Sylvanian Families Store Limited Baby Trio Flower Dress Japan NEW,,,https://down-sg.img.susercontent.com/file/mac38h11vuytdc_tn.webp,,56,Standard,検索/カテゴリー,,,,2025-09-12 12:23:25.971367,2025-09-12 12:23:25.971382
191,https://shopee.sg/ALOBABY-UV-Outdoor-Mist-%E2%80%93-80ml-Organic-Sunscreen-Insect-Repellent-Mist-for-Babies-i.1511172951.44052095576?sp_atk=c6fe7ada-7109-47dc-b0f7-d5807b1ee617&xptdk=c6fe7ada-7109-47dc-b0f7-d5807b1ee617,ALOBABY UV & Outdoor Mist – 80ml | Organic Sunscreen & Insect Repellent Mist for Babies,,,https://down-sg.img.susercontent.com/file/mcxt8jdhnln21f_tn.webp,,80,Standard,検索/カテゴリー,,,,2025-09-12 12:23:25.972218,2025-09-12 12:23:25.972234
192,https://shopee.sg/Sylvanian-Families-Doll-Chocolate-Rabbit-Family-Toy-Dollhouse-Direct-from-Japan--i.1477161681.43802841792?sp_atk=7cb5654f-c399-4d7c-93d8-4f836a411636&xptdk=7cb5654f-c399-4d7c-93d8-4f836a411636,Sylvanian Families Doll [Chocolate Rabbit Family] Toy Dollhouse[Direct from Japan],,,https://down-sg.img.susercontent.com/file/mdq767i9goy2e5_tn.webp,,65,Standard,検索/カテゴリー,,,,2025-09-12 12:23:25.973147,2025-09-12 12:23:25.973168
193,https://shopee.sg/Takara-Tomy-Plarail-Thomas-TS-04-Gordon-Direct-from-Japan-i.1401310386.43459444293?sp_atk=5c744a01-2b15-468b-8362-31f115babe61&xptdk=5c744a01-2b15-468b-8362-31f115babe61,Takara Tomy / Plarail Thomas TS-04 Gordon / Direct from Japan,,,https://down-sg.img.susercontent.com/file/mchwrs8knlts47_tn.webp,,4,Standard,検索/カテゴリー,,,,2025-09-12 12:23:25.974553,2025-09-12 12:23:25.974576
194,https://shopee.sg/EPOCH-Sylvanian-Families-Nursery-Friendly-Baby-Set-Going-to-Kindergarten-S-73-i.1126486844.43401004217?sp_atk=4667f923-0c11-43cb-b1ef-8f28a7e23d57&xptdk=4667f923-0c11-43cb-b1ef-8f28a7e23d57,EPOCH Sylvanian Families Nursery Friendly Baby Set -Going to Kindergarten- S-73,,,https://down-sg.img.susercontent.com/file/m9sq60pv1e1o03_tn.webp,,73,Standard,検索/カテゴリー,,,,2025-09-12 12:23:25.975649,2025-09-12 12:23:25.975671
195,https://shopee.sg/-Direct-from-Japan-Pokemon-Plush-doll-Pok%C3%A9mon-fit-Alolan-Series-Japan-NEW-Pocket-Monster-i.515209354.43350382904?sp_atk=fc30d9d3-d6bc-44a8-a801-5e88ef96541e&xptdk=fc30d9d3-d6bc-44a8-a801-5e88ef96541e,[Direct from Japan] Pokemon Plush doll Pokémon fit Alolan Series Japan NEW Pocket Monster,,,https://down-sg.img.susercontent.com/file/m9ky7nk1ogpu84_tn.webp,,26,Standard,検索/カテゴリー,,,,2025-09-12 12:23:25.976807,2025-09-12 12:23:25.976834
